chunk_id,company,report_type,year,pdf_filename,chunk_index,page_start,page_end,section_title,token_count_estimate,word_count,char_count,citation,pdf_path,final_url
airbus::Airbus_Annual_Report_2024::0001,Airbus,annual_report,2024,Airbus_Annual_Report_2024.pdf,1,1,4,Airbus Annual Report 2024 Innovation in action,488,403,2648,Airbus | Airbus_Annual_Report_2024.pdf | pages 1-4,data/raw_pdfs/airbus/Airbus_Annual_Report_2024.pdf,https://www.airbus.com/sites/g/files/jlcbta136/files/2025-04/Airbus%20Annual%20Report%202024.pdf
airbus::Airbus_Annual_Report_2024::0002,Airbus,annual_report,2024,Airbus_Annual_Report_2024.pdf,2,4,5,2024 at a glance,469,349,2217,Airbus | Airbus_Annual_Report_2024.pdf | pages 4-5,data/raw_pdfs/airbus/Airbus_Annual_Report_2024.pdf,https://www.airbus.com/sites/g/files/jlcbta136/files/2025-04/Airbus%20Annual%20Report%202024.pdf
airbus::Airbus_Annual_Report_2024::0003,Airbus,annual_report,2024,Airbus_Annual_Report_2024.pdf,3,5,6,2024 at a glance,405,351,2287,Airbus | Airbus_Annual_Report_2024.pdf | pages 5-6,data/raw_pdfs/airbus/Airbus_Annual_Report_2024.pdf,https://www.airbus.com/sites/g/files/jlcbta136/files/2025-04/Airbus%20Annual%20Report%202024.pdf
airbus::Airbus_Annual_Report_2024::0004,Airbus,annual_report,2024,Airbus_Annual_Report_2024.pdf,4,6,7,Navigating a complex world,494,420,2717,Airbus | Airbus_Annual_Report_2024.pdf | pages 6-7,data/raw_pdfs/airbus/Airbus_Annual_Report_2024.pdf,https://www.airbus.com/sites/g/files/jlcbta136/files/2025-04/Airbus%20Annual%20Report%202024.pdf
airbus::Airbus_Annual_Report_2024::0005,Airbus,annual_report,2024,Airbus_Annual_Report_2024.pdf,5,6,7,Navigating a complex world,464,385,2641,Airbus | Airbus_Annual_Report_2024.pdf | pages 6-7,data/raw_pdfs/airbus/Airbus_Annual_Report_2024.pdf,https://www.airbus.com/sites/g/files/jlcbta136/files/2025-04/Airbus%20Annual%20Report%202024.pdf
airbus::Airbus_Annual_Report_2024::0006,Airbus,annual_report,2024,Airbus_Annual_Report_2024.pdf,6,7,8,Navigating a complex world,465,401,2669,Airbus | Airbus_Annual_Report_2024.pdf | pages 7-8,data/raw_pdfs/airbus/Airbus_Annual_Report_2024.pdf,https://www.airbus.com/sites/g/files/jlcbta136/files/2025-04/Airbus%20Annual%20Report%202024.pdf
airbus::Airbus_Annual_Report_2024::0007,Airbus,annual_report,2024,Airbus_Annual_Report_2024.pdf,7,7,8,Navigating a complex world,451,390,2540,Airbus | Airbus_Annual_Report_2024.pdf | pages 7-8,data/raw_pdfs/airbus/Airbus_Annual_Report_2024.pdf,https://www.airbus.com/sites/g/files/jlcbta136/files/2025-04/Airbus%20Annual%20Report%202024.pdf
airbus::Airbus_Annual_Report_2024::0008,Airbus,annual_report,2024,Airbus_Annual_Report_2024.pdf,8,8,9,Progressing with priorities,435,375,2436,Airbus | Airbus_Annual_Report_2024.pdf | pages 8-9,data/raw_pdfs/airbus/Airbus_Annual_Report_2024.pdf,https://www.airbus.com/sites/g/files/jlcbta136/files/2025-04/Airbus%20Annual%20Report%202024.pdf
airbus::Airbus_Annual_Report_2024::0009,Airbus,annual_report,2024,Airbus_Annual_Report_2024.pdf,9,9,9,Progressing with priorities,461,400,2715,Airbus | Airbus_Annual_Report_2024.pdf | page 9,data/raw_pdfs/airbus/Airbus_Annual_Report_2024.pdf,https://www.airbus.com/sites/g/files/jlcbta136/files/2025-04/Airbus%20Annual%20Report%202024.pdf
airbus::Airbus_Annual_Report_2024::0010,Airbus,annual_report,2024,Airbus_Annual_Report_2024.pdf,10,9,10,Progressing with priorities,486,416,2695,Airbus | Airbus_Annual_Report_2024.pdf | pages 9-10,data/raw_pdfs/airbus/Airbus_Annual_Report_2024.pdf,https://www.airbus.com/sites/g/files/jlcbta136/files/2025-04/Airbus%20Annual%20Report%202024.pdf
airbus::Airbus_Annual_Report_2024::0011,Airbus,annual_report,2024,Airbus_Annual_Report_2024.pdf,11,10,11,Innovation at Airbus,431,377,2518,Airbus | Airbus_Annual_Report_2024.pdf | pages 10-11,data/raw_pdfs/airbus/Airbus_Annual_Report_2024.pdf,https://www.airbus.com/sites/g/files/jlcbta136/files/2025-04/Airbus%20Annual%20Report%202024.pdf
airbus::Airbus_Annual_Report_2024::0012,Airbus,annual_report,2024,Airbus_Annual_Report_2024.pdf,12,11,12,New materials for aircraft manufacturing,456,385,2666,Airbus | Airbus_Annual_Report_2024.pdf | pages 11-12,data/raw_pdfs/airbus/Airbus_Annual_Report_2024.pdf,https://www.airbus.com/sites/g/files/jlcbta136/files/2025-04/Airbus%20Annual%20Report%202024.pdf
airbus::Airbus_Annual_Report_2024::0013,Airbus,annual_report,2024,Airbus_Annual_Report_2024.pdf,13,12,13,Taking midair refuelling to the next level,386,327,2074,Airbus | Airbus_Annual_Report_2024.pdf | pages 12-13,data/raw_pdfs/airbus/Airbus_Annual_Report_2024.pdf,https://www.airbus.com/sites/g/files/jlcbta136/files/2025-04/Airbus%20Annual%20Report%202024.pdf
airbus::Airbus_Annual_Report_2024::0014,Airbus,annual_report,2024,Airbus_Annual_Report_2024.pdf,14,13,14,Advancing space manufacturing capabilities,486,421,2707,Airbus | Airbus_Annual_Report_2024.pdf | pages 13-14,data/raw_pdfs/airbus/Airbus_Annual_Report_2024.pdf,https://www.airbus.com/sites/g/files/jlcbta136/files/2025-04/Airbus%20Annual%20Report%202024.pdf
airbus::Airbus_Annual_Report_2024::0015,Airbus,annual_report,2024,Airbus_Annual_Report_2024.pdf,15,14,15,Resilience,412,357,2427,Airbus | Airbus_Annual_Report_2024.pdf | pages 14-15,data/raw_pdfs/airbus/Airbus_Annual_Report_2024.pdf,https://www.airbus.com/sites/g/files/jlcbta136/files/2025-04/Airbus%20Annual%20Report%202024.pdf
airbus::Airbus_Annual_Report_2024::0016,Airbus,annual_report,2024,Airbus_Annual_Report_2024.pdf,16,15,16,Sustainability in action,468,414,2864,Airbus | Airbus_Annual_Report_2024.pdf | pages 15-16,data/raw_pdfs/airbus/Airbus_Annual_Report_2024.pdf,https://www.airbus.com/sites/g/files/jlcbta136/files/2025-04/Airbus%20Annual%20Report%202024.pdf
airbus::Airbus_Annual_Report_2024::0017,Airbus,annual_report,2024,Airbus_Annual_Report_2024.pdf,17,15,16,Sustainability in action,479,402,2831,Airbus | Airbus_Annual_Report_2024.pdf | pages 15-16,data/raw_pdfs/airbus/Airbus_Annual_Report_2024.pdf,https://www.airbus.com/sites/g/files/jlcbta136/files/2025-04/Airbus%20Annual%20Report%202024.pdf
airbus::Airbus_Annual_Report_2024::0018,Airbus,annual_report,2024,Airbus_Annual_Report_2024.pdf,18,16,16,Sustainability in action,480,403,2777,Airbus | Airbus_Annual_Report_2024.pdf | page 16,data/raw_pdfs/airbus/Airbus_Annual_Report_2024.pdf,https://www.airbus.com/sites/g/files/jlcbta136/files/2025-04/Airbus%20Annual%20Report%202024.pdf
airbus::Airbus_Annual_Report_2024::0019,Airbus,annual_report,2024,Airbus_Annual_Report_2024.pdf,19,16,17,Sustainability in action,472,396,2575,Airbus | Airbus_Annual_Report_2024.pdf | pages 16-17,data/raw_pdfs/airbus/Airbus_Annual_Report_2024.pdf,https://www.airbus.com/sites/g/files/jlcbta136/files/2025-04/Airbus%20Annual%20Report%202024.pdf
airbus::Airbus_Annual_Report_2024::0020,Airbus,annual_report,2024,Airbus_Annual_Report_2024.pdf,20,17,18,Airbus,500,378,2532,Airbus | Airbus_Annual_Report_2024.pdf | pages 17-18,data/raw_pdfs/airbus/Airbus_Annual_Report_2024.pdf,https://www.airbus.com/sites/g/files/jlcbta136/files/2025-04/Airbus%20Annual%20Report%202024.pdf
airbus::Airbus_Annual_Report_2024::0021,Airbus,annual_report,2024,Airbus_Annual_Report_2024.pdf,21,18,18,Airbus Helicopters,441,360,2391,Airbus | Airbus_Annual_Report_2024.pdf | page 18,data/raw_pdfs/airbus/Airbus_Annual_Report_2024.pdf,https://www.airbus.com/sites/g/files/jlcbta136/files/2025-04/Airbus%20Annual%20Report%202024.pdf
airbus::Airbus_Annual_Report_2024::0022,Airbus,annual_report,2024,Airbus_Annual_Report_2024.pdf,22,18,19,Airbus Helicopters,452,384,2568,Airbus | Airbus_Annual_Report_2024.pdf | pages 18-19,data/raw_pdfs/airbus/Airbus_Annual_Report_2024.pdf,https://www.airbus.com/sites/g/files/jlcbta136/files/2025-04/Airbus%20Annual%20Report%202024.pdf
airbus::Airbus_Annual_Report_2024::0023,Airbus,annual_report,2024,Airbus_Annual_Report_2024.pdf,23,19,19,Airbus Defence and Space,496,403,2758,Airbus | Airbus_Annual_Report_2024.pdf | page 19,data/raw_pdfs/airbus/Airbus_Annual_Report_2024.pdf,https://www.airbus.com/sites/g/files/jlcbta136/files/2025-04/Airbus%20Annual%20Report%202024.pdf
airbus::Airbus_Annual_Report_2024::0024,Airbus,annual_report,2024,Airbus_Annual_Report_2024.pdf,24,19,20,Airbus Defence and Space,483,375,2390,Airbus | Airbus_Annual_Report_2024.pdf | pages 19-20,data/raw_pdfs/airbus/Airbus_Annual_Report_2024.pdf,https://www.airbus.com/sites/g/files/jlcbta136/files/2025-04/Airbus%20Annual%20Report%202024.pdf
airbus::Airbus_Annual_Report_2024::0025,Airbus,annual_report,2024,Airbus_Annual_Report_2024.pdf,25,20,21,Focused on objectives,472,390,2483,Airbus | Airbus_Annual_Report_2024.pdf | pages 20-21,data/raw_pdfs/airbus/Airbus_Annual_Report_2024.pdf,https://www.airbus.com/sites/g/files/jlcbta136/files/2025-04/Airbus%20Annual%20Report%202024.pdf
airbus::Airbus_Annual_Report_2024::0026,Airbus,annual_report,2024,Airbus_Annual_Report_2024.pdf,26,21,21,"Revenues (€ million) 69,230",486,385,2344,Airbus | Airbus_Annual_Report_2024.pdf | page 21,data/raw_pdfs/airbus/Airbus_Annual_Report_2024.pdf,https://www.airbus.com/sites/g/files/jlcbta136/files/2025-04/Airbus%20Annual%20Report%202024.pdf
airbus::Airbus_Annual_Report_2024::0027,Airbus,annual_report,2024,Airbus_Annual_Report_2024.pdf,27,21,22,"Revenues (€ million) 69,230",394,317,1971,Airbus | Airbus_Annual_Report_2024.pdf | pages 21-22,data/raw_pdfs/airbus/Airbus_Annual_Report_2024.pdf,https://www.airbus.com/sites/g/files/jlcbta136/files/2025-04/Airbus%20Annual%20Report%202024.pdf
airbus::Airbus_Annual_Report_2024::0028,Airbus,annual_report,2024,Airbus_Annual_Report_2024.pdf,28,22,22,Share information,482,413,2643,Airbus | Airbus_Annual_Report_2024.pdf | page 22,data/raw_pdfs/airbus/Airbus_Annual_Report_2024.pdf,https://www.airbus.com/sites/g/files/jlcbta136/files/2025-04/Airbus%20Annual%20Report%202024.pdf
airbus::Airbus_Annual_Report_2024::0029,Airbus,annual_report,2024,Airbus_Annual_Report_2024.pdf,29,22,23,Share information,412,333,2196,Airbus | Airbus_Annual_Report_2024.pdf | pages 22-23,data/raw_pdfs/airbus/Airbus_Annual_Report_2024.pdf,https://www.airbus.com/sites/g/files/jlcbta136/files/2025-04/Airbus%20Annual%20Report%202024.pdf
airbus::Airbus_Annual_Report_2024::0030,Airbus,annual_report,2024,Airbus_Annual_Report_2024.pdf,30,22,23,Share information,419,319,2313,Airbus | Airbus_Annual_Report_2024.pdf | pages 22-23,data/raw_pdfs/airbus/Airbus_Annual_Report_2024.pdf,https://www.airbus.com/sites/g/files/jlcbta136/files/2025-04/Airbus%20Annual%20Report%202024.pdf
airbus::Airbus_Annual_Report_2024::0031,Airbus,annual_report,2024,Airbus_Annual_Report_2024.pdf,31,23,23,Share information,412,297,1910,Airbus | Airbus_Annual_Report_2024.pdf | page 23,data/raw_pdfs/airbus/Airbus_Annual_Report_2024.pdf,https://www.airbus.com/sites/g/files/jlcbta136/files/2025-04/Airbus%20Annual%20Report%202024.pdf
airbus::Airbus_Annual_Report_2024::0032,Airbus,annual_report,2024,Airbus_Annual_Report_2024.pdf,32,23,23,Share information,430,336,2039,Airbus | Airbus_Annual_Report_2024.pdf | page 23,data/raw_pdfs/airbus/Airbus_Annual_Report_2024.pdf,https://www.airbus.com/sites/g/files/jlcbta136/files/2025-04/Airbus%20Annual%20Report%202024.pdf
airbus::Airbus_Annual_Report_2024::0033,Airbus,annual_report,2024,Airbus_Annual_Report_2024.pdf,33,23,24,Share information,482,413,2767,Airbus | Airbus_Annual_Report_2024.pdf | pages 23-24,data/raw_pdfs/airbus/Airbus_Annual_Report_2024.pdf,https://www.airbus.com/sites/g/files/jlcbta136/files/2025-04/Airbus%20Annual%20Report%202024.pdf
airbus::Airbus_Annual_Report_2024::0034,Airbus,annual_report,2024,Airbus_Annual_Report_2024.pdf,34,23,27,Share information,462,327,2236,Airbus | Airbus_Annual_Report_2024.pdf | pages 23-27,data/raw_pdfs/airbus/Airbus_Annual_Report_2024.pdf,https://www.airbus.com/sites/g/files/jlcbta136/files/2025-04/Airbus%20Annual%20Report%202024.pdf
airbus::Airbus_Annual_Report_2024::0035,Airbus,annual_report,2024,Airbus_Annual_Report_2024.pdf,35,26,27,Contents,400,325,2227,Airbus | Airbus_Annual_Report_2024.pdf | pages 26-27,data/raw_pdfs/airbus/Airbus_Annual_Report_2024.pdf,https://www.airbus.com/sites/g/files/jlcbta136/files/2025-04/Airbus%20Annual%20Report%202024.pdf
airbus::Airbus_Annual_Report_2024::0036,Airbus,annual_report,2024,Airbus_Annual_Report_2024.pdf,36,27,27,Contents,404,334,2261,Airbus | Airbus_Annual_Report_2024.pdf | page 27,data/raw_pdfs/airbus/Airbus_Annual_Report_2024.pdf,https://www.airbus.com/sites/g/files/jlcbta136/files/2025-04/Airbus%20Annual%20Report%202024.pdf
airbus::Airbus_Annual_Report_2024::0037,Airbus,annual_report,2024,Airbus_Annual_Report_2024.pdf,37,27,29,Contents,491,363,2630,Airbus | Airbus_Annual_Report_2024.pdf | pages 27-29,data/raw_pdfs/airbus/Airbus_Annual_Report_2024.pdf,https://www.airbus.com/sites/g/files/jlcbta136/files/2025-04/Airbus%20Annual%20Report%202024.pdf
airbus::Airbus_Annual_Report_2024::0038,Airbus,annual_report,2024,Airbus_Annual_Report_2024.pdf,38,29,29,1.1 Overview,434,360,2508,Airbus | Airbus_Annual_Report_2024.pdf | page 29,data/raw_pdfs/airbus/Airbus_Annual_Report_2024.pdf,https://www.airbus.com/sites/g/files/jlcbta136/files/2025-04/Airbus%20Annual%20Report%202024.pdf
airbus::Airbus_Annual_Report_2024::0039,Airbus,annual_report,2024,Airbus_Annual_Report_2024.pdf,39,29,29,1.1 Overview,459,388,2691,Airbus | Airbus_Annual_Report_2024.pdf | page 29,data/raw_pdfs/airbus/Airbus_Annual_Report_2024.pdf,https://www.airbus.com/sites/g/files/jlcbta136/files/2025-04/Airbus%20Annual%20Report%202024.pdf
airbus::Airbus_Annual_Report_2024::0040,Airbus,annual_report,2024,Airbus_Annual_Report_2024.pdf,40,29,29,1.1 Overview,443,385,2580,Airbus | Airbus_Annual_Report_2024.pdf | page 29,data/raw_pdfs/airbus/Airbus_Annual_Report_2024.pdf,https://www.airbus.com/sites/g/files/jlcbta136/files/2025-04/Airbus%20Annual%20Report%202024.pdf
airbus::Airbus_Annual_Report_2024::0041,Airbus,annual_report,2024,Airbus_Annual_Report_2024.pdf,41,29,30,1.1 Overview,452,388,2657,Airbus | Airbus_Annual_Report_2024.pdf | pages 29-30,data/raw_pdfs/airbus/Airbus_Annual_Report_2024.pdf,https://www.airbus.com/sites/g/files/jlcbta136/files/2025-04/Airbus%20Annual%20Report%202024.pdf
airbus::Airbus_Annual_Report_2024::0042,Airbus,annual_report,2024,Airbus_Annual_Report_2024.pdf,42,30,30,1.1 Overview,475,382,2692,Airbus | Airbus_Annual_Report_2024.pdf | page 30,data/raw_pdfs/airbus/Airbus_Annual_Report_2024.pdf,https://www.airbus.com/sites/g/files/jlcbta136/files/2025-04/Airbus%20Annual%20Report%202024.pdf
airbus::Airbus_Annual_Report_2024::0043,Airbus,annual_report,2024,Airbus_Annual_Report_2024.pdf,43,30,30,1.1 Overview,494,391,2749,Airbus | Airbus_Annual_Report_2024.pdf | page 30,data/raw_pdfs/airbus/Airbus_Annual_Report_2024.pdf,https://www.airbus.com/sites/g/files/jlcbta136/files/2025-04/Airbus%20Annual%20Report%202024.pdf
airbus::Airbus_Annual_Report_2024::0044,Airbus,annual_report,2024,Airbus_Annual_Report_2024.pdf,44,30,31,1.1 Overview,441,333,2336,Airbus | Airbus_Annual_Report_2024.pdf | pages 30-31,data/raw_pdfs/airbus/Airbus_Annual_Report_2024.pdf,https://www.airbus.com/sites/g/files/jlcbta136/files/2025-04/Airbus%20Annual%20Report%202024.pdf
airbus::Airbus_Annual_Report_2024::0045,Airbus,annual_report,2024,Airbus_Annual_Report_2024.pdf,45,31,31,1.1.2 Organisation of the,412,331,2234,Airbus | Airbus_Annual_Report_2024.pdf | page 31,data/raw_pdfs/airbus/Airbus_Annual_Report_2024.pdf,https://www.airbus.com/sites/g/files/jlcbta136/files/2025-04/Airbus%20Annual%20Report%202024.pdf
airbus::Airbus_Annual_Report_2024::0046,Airbus,annual_report,2024,Airbus_Annual_Report_2024.pdf,46,31,31,1.1.2 Organisation of the,436,355,2302,Airbus | Airbus_Annual_Report_2024.pdf | page 31,data/raw_pdfs/airbus/Airbus_Annual_Report_2024.pdf,https://www.airbus.com/sites/g/files/jlcbta136/files/2025-04/Airbus%20Annual%20Report%202024.pdf
airbus::Airbus_Annual_Report_2024::0047,Airbus,annual_report,2024,Airbus_Annual_Report_2024.pdf,47,31,32,1.1.2 Organisation of the,495,382,2599,Airbus | Airbus_Annual_Report_2024.pdf | pages 31-32,data/raw_pdfs/airbus/Airbus_Annual_Report_2024.pdf,https://www.airbus.com/sites/g/files/jlcbta136/files/2025-04/Airbus%20Annual%20Report%202024.pdf
airbus::Airbus_Annual_Report_2024::0048,Airbus,annual_report,2024,Airbus_Annual_Report_2024.pdf,48,31,32,1.1.2 Organisation of the,416,319,2240,Airbus | Airbus_Annual_Report_2024.pdf | pages 31-32,data/raw_pdfs/airbus/Airbus_Annual_Report_2024.pdf,https://www.airbus.com/sites/g/files/jlcbta136/files/2025-04/Airbus%20Annual%20Report%202024.pdf
airbus::Airbus_Annual_Report_2024::0049,Airbus,annual_report,2024,Airbus_Annual_Report_2024.pdf,49,32,32,1.2 Airbus (Commercial Aircraft),469,386,2724,Airbus | Airbus_Annual_Report_2024.pdf | page 32,data/raw_pdfs/airbus/Airbus_Annual_Report_2024.pdf,https://www.airbus.com/sites/g/files/jlcbta136/files/2025-04/Airbus%20Annual%20Report%202024.pdf
airbus::Airbus_Annual_Report_2024::0050,Airbus,annual_report,2024,Airbus_Annual_Report_2024.pdf,50,32,32,1.2 Airbus (Commercial Aircraft),357,307,2107,Airbus | Airbus_Annual_Report_2024.pdf | page 32,data/raw_pdfs/airbus/Airbus_Annual_Report_2024.pdf,https://www.airbus.com/sites/g/files/jlcbta136/files/2025-04/Airbus%20Annual%20Report%202024.pdf
airbus::Airbus_Annual_Report_2024::0051,Airbus,annual_report,2024,Airbus_Annual_Report_2024.pdf,51,32,32,1.2 Airbus (Commercial Aircraft),444,390,2540,Airbus | Airbus_Annual_Report_2024.pdf | page 32,data/raw_pdfs/airbus/Airbus_Annual_Report_2024.pdf,https://www.airbus.com/sites/g/files/jlcbta136/files/2025-04/Airbus%20Annual%20Report%202024.pdf
airbus::Airbus_Annual_Report_2024::0052,Airbus,annual_report,2024,Airbus_Annual_Report_2024.pdf,52,32,33,1.2 Airbus (Commercial Aircraft),496,423,2805,Airbus | Airbus_Annual_Report_2024.pdf | pages 32-33,data/raw_pdfs/airbus/Airbus_Annual_Report_2024.pdf,https://www.airbus.com/sites/g/files/jlcbta136/files/2025-04/Airbus%20Annual%20Report%202024.pdf
airbus::Airbus_Annual_Report_2024::0053,Airbus,annual_report,2024,Airbus_Annual_Report_2024.pdf,53,32,33,1.2 Airbus (Commercial Aircraft),487,389,2639,Airbus | Airbus_Annual_Report_2024.pdf | pages 32-33,data/raw_pdfs/airbus/Airbus_Annual_Report_2024.pdf,https://www.airbus.com/sites/g/files/jlcbta136/files/2025-04/Airbus%20Annual%20Report%202024.pdf
airbus::Airbus_Annual_Report_2024::0054,Airbus,annual_report,2024,Airbus_Annual_Report_2024.pdf,54,33,33,1.2 Airbus (Commercial Aircraft),430,353,2433,Airbus | Airbus_Annual_Report_2024.pdf | page 33,data/raw_pdfs/airbus/Airbus_Annual_Report_2024.pdf,https://www.airbus.com/sites/g/files/jlcbta136/files/2025-04/Airbus%20Annual%20Report%202024.pdf
airbus::Airbus_Annual_Report_2024::0055,Airbus,annual_report,2024,Airbus_Annual_Report_2024.pdf,55,33,33,1.2 Airbus (Commercial Aircraft),447,397,2616,Airbus | Airbus_Annual_Report_2024.pdf | page 33,data/raw_pdfs/airbus/Airbus_Annual_Report_2024.pdf,https://www.airbus.com/sites/g/files/jlcbta136/files/2025-04/Airbus%20Annual%20Report%202024.pdf
airbus::Airbus_Annual_Report_2024::0056,Airbus,annual_report,2024,Airbus_Annual_Report_2024.pdf,56,33,33,1.2 Airbus (Commercial Aircraft),448,384,2584,Airbus | Airbus_Annual_Report_2024.pdf | page 33,data/raw_pdfs/airbus/Airbus_Annual_Report_2024.pdf,https://www.airbus.com/sites/g/files/jlcbta136/files/2025-04/Airbus%20Annual%20Report%202024.pdf
airbus::Airbus_Annual_Report_2024::0057,Airbus,annual_report,2024,Airbus_Annual_Report_2024.pdf,57,33,34,1.2 Airbus (Commercial Aircraft),408,346,2379,Airbus | Airbus_Annual_Report_2024.pdf | pages 33-34,data/raw_pdfs/airbus/Airbus_Annual_Report_2024.pdf,https://www.airbus.com/sites/g/files/jlcbta136/files/2025-04/Airbus%20Annual%20Report%202024.pdf
airbus::Airbus_Annual_Report_2024::0058,Airbus,annual_report,2024,Airbus_Annual_Report_2024.pdf,58,34,34,Market Structure and Competition,463,390,2648,Airbus | Airbus_Annual_Report_2024.pdf | page 34,data/raw_pdfs/airbus/Airbus_Annual_Report_2024.pdf,https://www.airbus.com/sites/g/files/jlcbta136/files/2025-04/Airbus%20Annual%20Report%202024.pdf
airbus::Airbus_Annual_Report_2024::0059,Airbus,annual_report,2024,Airbus_Annual_Report_2024.pdf,59,34,34,Market Structure and Competition,458,390,2625,Airbus | Airbus_Annual_Report_2024.pdf | page 34,data/raw_pdfs/airbus/Airbus_Annual_Report_2024.pdf,https://www.airbus.com/sites/g/files/jlcbta136/files/2025-04/Airbus%20Annual%20Report%202024.pdf
airbus::Airbus_Annual_Report_2024::0060,Airbus,annual_report,2024,Airbus_Annual_Report_2024.pdf,60,34,34,Market Structure and Competition,498,409,2709,Airbus | Airbus_Annual_Report_2024.pdf | page 34,data/raw_pdfs/airbus/Airbus_Annual_Report_2024.pdf,https://www.airbus.com/sites/g/files/jlcbta136/files/2025-04/Airbus%20Annual%20Report%202024.pdf
airbus::Airbus_Annual_Report_2024::0061,Airbus,annual_report,2024,Airbus_Annual_Report_2024.pdf,61,34,35,Market Structure and Competition,384,293,1847,Airbus | Airbus_Annual_Report_2024.pdf | pages 34-35,data/raw_pdfs/airbus/Airbus_Annual_Report_2024.pdf,https://www.airbus.com/sites/g/files/jlcbta136/files/2025-04/Airbus%20Annual%20Report%202024.pdf
airbus::Airbus_Annual_Report_2024::0062,Airbus,annual_report,2024,Airbus_Annual_Report_2024.pdf,62,34,35,Market Structure and Competition,479,360,2369,Airbus | Airbus_Annual_Report_2024.pdf | pages 34-35,data/raw_pdfs/airbus/Airbus_Annual_Report_2024.pdf,https://www.airbus.com/sites/g/files/jlcbta136/files/2025-04/Airbus%20Annual%20Report%202024.pdf
airbus::Airbus_Annual_Report_2024::0063,Airbus,annual_report,2024,Airbus_Annual_Report_2024.pdf,63,35,35,Products,489,388,2676,Airbus | Airbus_Annual_Report_2024.pdf | page 35,data/raw_pdfs/airbus/Airbus_Annual_Report_2024.pdf,https://www.airbus.com/sites/g/files/jlcbta136/files/2025-04/Airbus%20Annual%20Report%202024.pdf
airbus::Airbus_Annual_Report_2024::0064,Airbus,annual_report,2024,Airbus_Annual_Report_2024.pdf,64,35,35,Products,434,329,2218,Airbus | Airbus_Annual_Report_2024.pdf | page 35,data/raw_pdfs/airbus/Airbus_Annual_Report_2024.pdf,https://www.airbus.com/sites/g/files/jlcbta136/files/2025-04/Airbus%20Annual%20Report%202024.pdf
airbus::Airbus_Annual_Report_2024::0065,Airbus,annual_report,2024,Airbus_Annual_Report_2024.pdf,65,35,36,Products,478,389,2514,Airbus | Airbus_Annual_Report_2024.pdf | pages 35-36,data/raw_pdfs/airbus/Airbus_Annual_Report_2024.pdf,https://www.airbus.com/sites/g/files/jlcbta136/files/2025-04/Airbus%20Annual%20Report%202024.pdf
airbus::Airbus_Annual_Report_2024::0066,Airbus,annual_report,2024,Airbus_Annual_Report_2024.pdf,66,36,36,Products,489,342,2122,Airbus | Airbus_Annual_Report_2024.pdf | page 36,data/raw_pdfs/airbus/Airbus_Annual_Report_2024.pdf,https://www.airbus.com/sites/g/files/jlcbta136/files/2025-04/Airbus%20Annual%20Report%202024.pdf
airbus::Airbus_Annual_Report_2024::0067,Airbus,annual_report,2024,Airbus_Annual_Report_2024.pdf,67,36,37,Products,463,337,2203,Airbus | Airbus_Annual_Report_2024.pdf | pages 36-37,data/raw_pdfs/airbus/Airbus_Annual_Report_2024.pdf,https://www.airbus.com/sites/g/files/jlcbta136/files/2025-04/Airbus%20Annual%20Report%202024.pdf
airbus::Airbus_Annual_Report_2024::0068,Airbus,annual_report,2024,Airbus_Annual_Report_2024.pdf,68,37,37,Customer Services,493,367,2347,Airbus | Airbus_Annual_Report_2024.pdf | page 37,data/raw_pdfs/airbus/Airbus_Annual_Report_2024.pdf,https://www.airbus.com/sites/g/files/jlcbta136/files/2025-04/Airbus%20Annual%20Report%202024.pdf
airbus::Airbus_Annual_Report_2024::0069,Airbus,annual_report,2024,Airbus_Annual_Report_2024.pdf,69,37,38,Customer Services,489,388,2610,Airbus | Airbus_Annual_Report_2024.pdf | pages 37-38,data/raw_pdfs/airbus/Airbus_Annual_Report_2024.pdf,https://www.airbus.com/sites/g/files/jlcbta136/files/2025-04/Airbus%20Annual%20Report%202024.pdf
airbus::Airbus_Annual_Report_2024::0070,Airbus,annual_report,2024,Airbus_Annual_Report_2024.pdf,70,38,38,Operations,487,398,2754,Airbus | Airbus_Annual_Report_2024.pdf | page 38,data/raw_pdfs/airbus/Airbus_Annual_Report_2024.pdf,https://www.airbus.com/sites/g/files/jlcbta136/files/2025-04/Airbus%20Annual%20Report%202024.pdf
airbus::Airbus_Annual_Report_2024::0071,Airbus,annual_report,2024,Airbus_Annual_Report_2024.pdf,71,38,38,Operations,397,335,2414,Airbus | Airbus_Annual_Report_2024.pdf | page 38,data/raw_pdfs/airbus/Airbus_Annual_Report_2024.pdf,https://www.airbus.com/sites/g/files/jlcbta136/files/2025-04/Airbus%20Annual%20Report%202024.pdf
airbus::Airbus_Annual_Report_2024::0072,Airbus,annual_report,2024,Airbus_Annual_Report_2024.pdf,72,38,38,Operations,373,325,2299,Airbus | Airbus_Annual_Report_2024.pdf | page 38,data/raw_pdfs/airbus/Airbus_Annual_Report_2024.pdf,https://www.airbus.com/sites/g/files/jlcbta136/files/2025-04/Airbus%20Annual%20Report%202024.pdf
airbus::Airbus_Annual_Report_2024::0073,Airbus,annual_report,2024,Airbus_Annual_Report_2024.pdf,73,38,39,Operations,499,416,3078,Airbus | Airbus_Annual_Report_2024.pdf | pages 38-39,data/raw_pdfs/airbus/Airbus_Annual_Report_2024.pdf,https://www.airbus.com/sites/g/files/jlcbta136/files/2025-04/Airbus%20Annual%20Report%202024.pdf
airbus::Airbus_Annual_Report_2024::0074,Airbus,annual_report,2024,Airbus_Annual_Report_2024.pdf,74,39,39,Aviation Safety,453,369,2643,Airbus | Airbus_Annual_Report_2024.pdf | page 39,data/raw_pdfs/airbus/Airbus_Annual_Report_2024.pdf,https://www.airbus.com/sites/g/files/jlcbta136/files/2025-04/Airbus%20Annual%20Report%202024.pdf
airbus::Airbus_Annual_Report_2024::0075,Airbus,annual_report,2024,Airbus_Annual_Report_2024.pdf,75,39,39,Aviation Safety,372,291,1822,Airbus | Airbus_Annual_Report_2024.pdf | page 39,data/raw_pdfs/airbus/Airbus_Annual_Report_2024.pdf,https://www.airbus.com/sites/g/files/jlcbta136/files/2025-04/Airbus%20Annual%20Report%202024.pdf
airbus::Airbus_Annual_Report_2024::0076,Airbus,annual_report,2024,Airbus_Annual_Report_2024.pdf,76,39,39,Aviation Safety,370,296,1944,Airbus | Airbus_Annual_Report_2024.pdf | page 39,data/raw_pdfs/airbus/Airbus_Annual_Report_2024.pdf,https://www.airbus.com/sites/g/files/jlcbta136/files/2025-04/Airbus%20Annual%20Report%202024.pdf
airbus::Airbus_Annual_Report_2024::0077,Airbus,annual_report,2024,Airbus_Annual_Report_2024.pdf,77,39,39,Aviation Safety,431,356,2435,Airbus | Airbus_Annual_Report_2024.pdf | page 39,data/raw_pdfs/airbus/Airbus_Annual_Report_2024.pdf,https://www.airbus.com/sites/g/files/jlcbta136/files/2025-04/Airbus%20Annual%20Report%202024.pdf
airbus::Airbus_Annual_Report_2024::0078,Airbus,annual_report,2024,Airbus_Annual_Report_2024.pdf,78,39,40,Aviation Safety,429,347,2511,Airbus | Airbus_Annual_Report_2024.pdf | pages 39-40,data/raw_pdfs/airbus/Airbus_Annual_Report_2024.pdf,https://www.airbus.com/sites/g/files/jlcbta136/files/2025-04/Airbus%20Annual%20Report%202024.pdf
airbus::Airbus_Annual_Report_2024::0079,Airbus,annual_report,2024,Airbus_Annual_Report_2024.pdf,79,40,40,Airbus Aerostructures and Premium Aerotec Industry,456,384,2735,Airbus | Airbus_Annual_Report_2024.pdf | page 40,data/raw_pdfs/airbus/Airbus_Annual_Report_2024.pdf,https://www.airbus.com/sites/g/files/jlcbta136/files/2025-04/Airbus%20Annual%20Report%202024.pdf
airbus::Airbus_Annual_Report_2024::0080,Airbus,annual_report,2024,Airbus_Annual_Report_2024.pdf,80,40,41,Airbus Aerostructures and Premium Aerotec Industry,391,323,2248,Airbus | Airbus_Annual_Report_2024.pdf | pages 40-41,data/raw_pdfs/airbus/Airbus_Annual_Report_2024.pdf,https://www.airbus.com/sites/g/files/jlcbta136/files/2025-04/Airbus%20Annual%20Report%202024.pdf
airbus::Airbus_Annual_Report_2024::0081,Airbus,annual_report,2024,Airbus_Annual_Report_2024.pdf,81,40,41,Airbus Aerostructures and Premium Aerotec Industry,468,385,2678,Airbus | Airbus_Annual_Report_2024.pdf | pages 40-41,data/raw_pdfs/airbus/Airbus_Annual_Report_2024.pdf,https://www.airbus.com/sites/g/files/jlcbta136/files/2025-04/Airbus%20Annual%20Report%202024.pdf
airbus::Airbus_Annual_Report_2024::0082,Airbus,annual_report,2024,Airbus_Annual_Report_2024.pdf,82,41,41,1.3 Airbus Helicopters,452,405,2751,Airbus | Airbus_Annual_Report_2024.pdf | page 41,data/raw_pdfs/airbus/Airbus_Annual_Report_2024.pdf,https://www.airbus.com/sites/g/files/jlcbta136/files/2025-04/Airbus%20Annual%20Report%202024.pdf
airbus::Airbus_Annual_Report_2024::0083,Airbus,annual_report,2024,Airbus_Annual_Report_2024.pdf,83,41,41,1.3 Airbus Helicopters,391,328,2172,Airbus | Airbus_Annual_Report_2024.pdf | page 41,data/raw_pdfs/airbus/Airbus_Annual_Report_2024.pdf,https://www.airbus.com/sites/g/files/jlcbta136/files/2025-04/Airbus%20Annual%20Report%202024.pdf
airbus::Airbus_Annual_Report_2024::0084,Airbus,annual_report,2024,Airbus_Annual_Report_2024.pdf,84,41,42,1.3 Airbus Helicopters,469,388,2639,Airbus | Airbus_Annual_Report_2024.pdf | pages 41-42,data/raw_pdfs/airbus/Airbus_Annual_Report_2024.pdf,https://www.airbus.com/sites/g/files/jlcbta136/files/2025-04/Airbus%20Annual%20Report%202024.pdf
airbus::Airbus_Annual_Report_2024::0085,Airbus,annual_report,2024,Airbus_Annual_Report_2024.pdf,85,41,42,1.3 Airbus Helicopters,490,408,2859,Airbus | Airbus_Annual_Report_2024.pdf | pages 41-42,data/raw_pdfs/airbus/Airbus_Annual_Report_2024.pdf,https://www.airbus.com/sites/g/files/jlcbta136/files/2025-04/Airbus%20Annual%20Report%202024.pdf
airbus::Airbus_Annual_Report_2024::0086,Airbus,annual_report,2024,Airbus_Annual_Report_2024.pdf,86,42,42,1.3 Airbus Helicopters,408,335,2296,Airbus | Airbus_Annual_Report_2024.pdf | page 42,data/raw_pdfs/airbus/Airbus_Annual_Report_2024.pdf,https://www.airbus.com/sites/g/files/jlcbta136/files/2025-04/Airbus%20Annual%20Report%202024.pdf
airbus::Airbus_Annual_Report_2024::0087,Airbus,annual_report,2024,Airbus_Annual_Report_2024.pdf,87,42,42,1.3 Airbus Helicopters,441,385,2541,Airbus | Airbus_Annual_Report_2024.pdf | page 42,data/raw_pdfs/airbus/Airbus_Annual_Report_2024.pdf,https://www.airbus.com/sites/g/files/jlcbta136/files/2025-04/Airbus%20Annual%20Report%202024.pdf
airbus::Airbus_Annual_Report_2024::0088,Airbus,annual_report,2024,Airbus_Annual_Report_2024.pdf,88,42,43,1.3 Airbus Helicopters,481,412,2662,Airbus | Airbus_Annual_Report_2024.pdf | pages 42-43,data/raw_pdfs/airbus/Airbus_Annual_Report_2024.pdf,https://www.airbus.com/sites/g/files/jlcbta136/files/2025-04/Airbus%20Annual%20Report%202024.pdf
airbus::Airbus_Annual_Report_2024::0089,Airbus,annual_report,2024,Airbus_Annual_Report_2024.pdf,89,43,43,Market Drivers,449,367,2451,Airbus | Airbus_Annual_Report_2024.pdf | page 43,data/raw_pdfs/airbus/Airbus_Annual_Report_2024.pdf,https://www.airbus.com/sites/g/files/jlcbta136/files/2025-04/Airbus%20Annual%20Report%202024.pdf
airbus::Airbus_Annual_Report_2024::0090,Airbus,annual_report,2024,Airbus_Annual_Report_2024.pdf,90,43,43,Market Drivers,429,352,2367,Airbus | Airbus_Annual_Report_2024.pdf | page 43,data/raw_pdfs/airbus/Airbus_Annual_Report_2024.pdf,https://www.airbus.com/sites/g/files/jlcbta136/files/2025-04/Airbus%20Annual%20Report%202024.pdf
airbus::Airbus_Annual_Report_2024::0091,Airbus,annual_report,2024,Airbus_Annual_Report_2024.pdf,91,43,43,Market Drivers,485,402,2556,Airbus | Airbus_Annual_Report_2024.pdf | page 43,data/raw_pdfs/airbus/Airbus_Annual_Report_2024.pdf,https://www.airbus.com/sites/g/files/jlcbta136/files/2025-04/Airbus%20Annual%20Report%202024.pdf
airbus::Airbus_Annual_Report_2024::0092,Airbus,annual_report,2024,Airbus_Annual_Report_2024.pdf,92,43,44,Market Drivers,452,357,2308,Airbus | Airbus_Annual_Report_2024.pdf | pages 43-44,data/raw_pdfs/airbus/Airbus_Annual_Report_2024.pdf,https://www.airbus.com/sites/g/files/jlcbta136/files/2025-04/Airbus%20Annual%20Report%202024.pdf
airbus::Airbus_Annual_Report_2024::0093,Airbus,annual_report,2024,Airbus_Annual_Report_2024.pdf,93,43,44,Market Drivers,498,390,2660,Airbus | Airbus_Annual_Report_2024.pdf | pages 43-44,data/raw_pdfs/airbus/Airbus_Annual_Report_2024.pdf,https://www.airbus.com/sites/g/files/jlcbta136/files/2025-04/Airbus%20Annual%20Report%202024.pdf
airbus::Airbus_Annual_Report_2024::0094,Airbus,annual_report,2024,Airbus_Annual_Report_2024.pdf,94,44,44,Products and Services,400,311,2075,Airbus | Airbus_Annual_Report_2024.pdf | page 44,data/raw_pdfs/airbus/Airbus_Annual_Report_2024.pdf,https://www.airbus.com/sites/g/files/jlcbta136/files/2025-04/Airbus%20Annual%20Report%202024.pdf
airbus::Airbus_Annual_Report_2024::0095,Airbus,annual_report,2024,Airbus_Annual_Report_2024.pdf,95,44,45,Products and Services,499,415,2607,Airbus | Airbus_Annual_Report_2024.pdf | pages 44-45,data/raw_pdfs/airbus/Airbus_Annual_Report_2024.pdf,https://www.airbus.com/sites/g/files/jlcbta136/files/2025-04/Airbus%20Annual%20Report%202024.pdf
airbus::Airbus_Annual_Report_2024::0096,Airbus,annual_report,2024,Airbus_Annual_Report_2024.pdf,96,45,45,Products and Services,448,374,2550,Airbus | Airbus_Annual_Report_2024.pdf | page 45,data/raw_pdfs/airbus/Airbus_Annual_Report_2024.pdf,https://www.airbus.com/sites/g/files/jlcbta136/files/2025-04/Airbus%20Annual%20Report%202024.pdf
airbus::Airbus_Annual_Report_2024::0097,Airbus,annual_report,2024,Airbus_Annual_Report_2024.pdf,97,45,45,Products and Services,456,399,2842,Airbus | Airbus_Annual_Report_2024.pdf | page 45,data/raw_pdfs/airbus/Airbus_Annual_Report_2024.pdf,https://www.airbus.com/sites/g/files/jlcbta136/files/2025-04/Airbus%20Annual%20Report%202024.pdf
airbus::Airbus_Annual_Report_2024::0098,Airbus,annual_report,2024,Airbus_Annual_Report_2024.pdf,98,45,46,Products and Services,489,412,2786,Airbus | Airbus_Annual_Report_2024.pdf | pages 45-46,data/raw_pdfs/airbus/Airbus_Annual_Report_2024.pdf,https://www.airbus.com/sites/g/files/jlcbta136/files/2025-04/Airbus%20Annual%20Report%202024.pdf
airbus::Airbus_Annual_Report_2024::0099,Airbus,annual_report,2024,Airbus_Annual_Report_2024.pdf,99,46,46,1.4 Airbus Defence and Space,446,359,2495,Airbus | Airbus_Annual_Report_2024.pdf | page 46,data/raw_pdfs/airbus/Airbus_Annual_Report_2024.pdf,https://www.airbus.com/sites/g/files/jlcbta136/files/2025-04/Airbus%20Annual%20Report%202024.pdf
airbus::Airbus_Annual_Report_2024::0100,Airbus,annual_report,2024,Airbus_Annual_Report_2024.pdf,100,46,46,1.4 Airbus Defence and Space,458,369,2559,Airbus | Airbus_Annual_Report_2024.pdf | page 46,data/raw_pdfs/airbus/Airbus_Annual_Report_2024.pdf,https://www.airbus.com/sites/g/files/jlcbta136/files/2025-04/Airbus%20Annual%20Report%202024.pdf
airbus::Airbus_Annual_Report_2024::0101,Airbus,annual_report,2024,Airbus_Annual_Report_2024.pdf,101,46,46,1.4 Airbus Defence and Space,406,337,2365,Airbus | Airbus_Annual_Report_2024.pdf | page 46,data/raw_pdfs/airbus/Airbus_Annual_Report_2024.pdf,https://www.airbus.com/sites/g/files/jlcbta136/files/2025-04/Airbus%20Annual%20Report%202024.pdf
airbus::Airbus_Annual_Report_2024::0102,Airbus,annual_report,2024,Airbus_Annual_Report_2024.pdf,102,46,47,1.4 Airbus Defence and Space,493,423,2970,Airbus | Airbus_Annual_Report_2024.pdf | pages 46-47,data/raw_pdfs/airbus/Airbus_Annual_Report_2024.pdf,https://www.airbus.com/sites/g/files/jlcbta136/files/2025-04/Airbus%20Annual%20Report%202024.pdf
airbus::Airbus_Annual_Report_2024::0103,Airbus,annual_report,2024,Airbus_Annual_Report_2024.pdf,103,47,47,Market,384,341,2362,Airbus | Airbus_Annual_Report_2024.pdf | page 47,data/raw_pdfs/airbus/Airbus_Annual_Report_2024.pdf,https://www.airbus.com/sites/g/files/jlcbta136/files/2025-04/Airbus%20Annual%20Report%202024.pdf
airbus::Airbus_Annual_Report_2024::0104,Airbus,annual_report,2024,Airbus_Annual_Report_2024.pdf,104,47,47,Market,299,263,1845,Airbus | Airbus_Annual_Report_2024.pdf | page 47,data/raw_pdfs/airbus/Airbus_Annual_Report_2024.pdf,https://www.airbus.com/sites/g/files/jlcbta136/files/2025-04/Airbus%20Annual%20Report%202024.pdf
airbus::Airbus_Annual_Report_2024::0105,Airbus,annual_report,2024,Airbus_Annual_Report_2024.pdf,105,47,47,Market,427,363,2521,Airbus | Airbus_Annual_Report_2024.pdf | page 47,data/raw_pdfs/airbus/Airbus_Annual_Report_2024.pdf,https://www.airbus.com/sites/g/files/jlcbta136/files/2025-04/Airbus%20Annual%20Report%202024.pdf
airbus::Airbus_Annual_Report_2024::0106,Airbus,annual_report,2024,Airbus_Annual_Report_2024.pdf,106,47,47,Market,485,408,2814,Airbus | Airbus_Annual_Report_2024.pdf | page 47,data/raw_pdfs/airbus/Airbus_Annual_Report_2024.pdf,https://www.airbus.com/sites/g/files/jlcbta136/files/2025-04/Airbus%20Annual%20Report%202024.pdf
airbus::Airbus_Annual_Report_2024::0107,Airbus,annual_report,2024,Airbus_Annual_Report_2024.pdf,107,47,48,Market,474,413,2690,Airbus | Airbus_Annual_Report_2024.pdf | pages 47-48,data/raw_pdfs/airbus/Airbus_Annual_Report_2024.pdf,https://www.airbus.com/sites/g/files/jlcbta136/files/2025-04/Airbus%20Annual%20Report%202024.pdf
airbus::Airbus_Annual_Report_2024::0108,Airbus,annual_report,2024,Airbus_Annual_Report_2024.pdf,108,48,48,Market,464,377,2373,Airbus | Airbus_Annual_Report_2024.pdf | page 48,data/raw_pdfs/airbus/Airbus_Annual_Report_2024.pdf,https://www.airbus.com/sites/g/files/jlcbta136/files/2025-04/Airbus%20Annual%20Report%202024.pdf
airbus::Airbus_Annual_Report_2024::0109,Airbus,annual_report,2024,Airbus_Annual_Report_2024.pdf,109,48,48,Market,434,364,2267,Airbus | Airbus_Annual_Report_2024.pdf | page 48,data/raw_pdfs/airbus/Airbus_Annual_Report_2024.pdf,https://www.airbus.com/sites/g/files/jlcbta136/files/2025-04/Airbus%20Annual%20Report%202024.pdf
airbus::Airbus_Annual_Report_2024::0110,Airbus,annual_report,2024,Airbus_Annual_Report_2024.pdf,110,48,48,Market,411,329,2198,Airbus | Airbus_Annual_Report_2024.pdf | page 48,data/raw_pdfs/airbus/Airbus_Annual_Report_2024.pdf,https://www.airbus.com/sites/g/files/jlcbta136/files/2025-04/Airbus%20Annual%20Report%202024.pdf
airbus::Airbus_Annual_Report_2024::0111,Airbus,annual_report,2024,Airbus_Annual_Report_2024.pdf,111,48,49,Market,462,372,2524,Airbus | Airbus_Annual_Report_2024.pdf | pages 48-49,data/raw_pdfs/airbus/Airbus_Annual_Report_2024.pdf,https://www.airbus.com/sites/g/files/jlcbta136/files/2025-04/Airbus%20Annual%20Report%202024.pdf
airbus::Airbus_Annual_Report_2024::0112,Airbus,annual_report,2024,Airbus_Annual_Report_2024.pdf,112,49,49,Market,436,355,2396,Airbus | Airbus_Annual_Report_2024.pdf | page 49,data/raw_pdfs/airbus/Airbus_Annual_Report_2024.pdf,https://www.airbus.com/sites/g/files/jlcbta136/files/2025-04/Airbus%20Annual%20Report%202024.pdf
airbus::Airbus_Annual_Report_2024::0113,Airbus,annual_report,2024,Airbus_Annual_Report_2024.pdf,113,49,49,Market,407,336,2314,Airbus | Airbus_Annual_Report_2024.pdf | page 49,data/raw_pdfs/airbus/Airbus_Annual_Report_2024.pdf,https://www.airbus.com/sites/g/files/jlcbta136/files/2025-04/Airbus%20Annual%20Report%202024.pdf
airbus::Airbus_Annual_Report_2024::0114,Airbus,annual_report,2024,Airbus_Annual_Report_2024.pdf,114,49,49,Market,498,422,2944,Airbus | Airbus_Annual_Report_2024.pdf | page 49,data/raw_pdfs/airbus/Airbus_Annual_Report_2024.pdf,https://www.airbus.com/sites/g/files/jlcbta136/files/2025-04/Airbus%20Annual%20Report%202024.pdf
airbus::Airbus_Annual_Report_2024::0115,Airbus,annual_report,2024,Airbus_Annual_Report_2024.pdf,115,49,50,Market,454,380,2608,Airbus | Airbus_Annual_Report_2024.pdf | pages 49-50,data/raw_pdfs/airbus/Airbus_Annual_Report_2024.pdf,https://www.airbus.com/sites/g/files/jlcbta136/files/2025-04/Airbus%20Annual%20Report%202024.pdf
airbus::Airbus_Annual_Report_2024::0116,Airbus,annual_report,2024,Airbus_Annual_Report_2024.pdf,116,50,50,Space Systems,317,264,1882,Airbus | Airbus_Annual_Report_2024.pdf | page 50,data/raw_pdfs/airbus/Airbus_Annual_Report_2024.pdf,https://www.airbus.com/sites/g/files/jlcbta136/files/2025-04/Airbus%20Annual%20Report%202024.pdf
airbus::Airbus_Annual_Report_2024::0117,Airbus,annual_report,2024,Airbus_Annual_Report_2024.pdf,117,50,50,Space Systems,379,327,2223,Airbus | Airbus_Annual_Report_2024.pdf | page 50,data/raw_pdfs/airbus/Airbus_Annual_Report_2024.pdf,https://www.airbus.com/sites/g/files/jlcbta136/files/2025-04/Airbus%20Annual%20Report%202024.pdf
airbus::Airbus_Annual_Report_2024::0118,Airbus,annual_report,2024,Airbus_Annual_Report_2024.pdf,118,50,50,Space Systems,402,347,2280,Airbus | Airbus_Annual_Report_2024.pdf | page 50,data/raw_pdfs/airbus/Airbus_Annual_Report_2024.pdf,https://www.airbus.com/sites/g/files/jlcbta136/files/2025-04/Airbus%20Annual%20Report%202024.pdf
airbus::Airbus_Annual_Report_2024::0119,Airbus,annual_report,2024,Airbus_Annual_Report_2024.pdf,119,50,50,Space Systems,407,354,2363,Airbus | Airbus_Annual_Report_2024.pdf | page 50,data/raw_pdfs/airbus/Airbus_Annual_Report_2024.pdf,https://www.airbus.com/sites/g/files/jlcbta136/files/2025-04/Airbus%20Annual%20Report%202024.pdf
airbus::Airbus_Annual_Report_2024::0120,Airbus,annual_report,2024,Airbus_Annual_Report_2024.pdf,120,50,51,Space Systems,491,407,2814,Airbus | Airbus_Annual_Report_2024.pdf | pages 50-51,data/raw_pdfs/airbus/Airbus_Annual_Report_2024.pdf,https://www.airbus.com/sites/g/files/jlcbta136/files/2025-04/Airbus%20Annual%20Report%202024.pdf
airbus::Airbus_Annual_Report_2024::0121,Airbus,annual_report,2024,Airbus_Annual_Report_2024.pdf,121,50,51,Space Systems,440,353,2411,Airbus | Airbus_Annual_Report_2024.pdf | pages 50-51,data/raw_pdfs/airbus/Airbus_Annual_Report_2024.pdf,https://www.airbus.com/sites/g/files/jlcbta136/files/2025-04/Airbus%20Annual%20Report%202024.pdf
airbus::Airbus_Annual_Report_2024::0122,Airbus,annual_report,2024,Airbus_Annual_Report_2024.pdf,122,51,51,Space Systems,424,366,2376,Airbus | Airbus_Annual_Report_2024.pdf | page 51,data/raw_pdfs/airbus/Airbus_Annual_Report_2024.pdf,https://www.airbus.com/sites/g/files/jlcbta136/files/2025-04/Airbus%20Annual%20Report%202024.pdf
airbus::Airbus_Annual_Report_2024::0123,Airbus,annual_report,2024,Airbus_Annual_Report_2024.pdf,123,51,51,Space Systems,366,312,2067,Airbus | Airbus_Annual_Report_2024.pdf | page 51,data/raw_pdfs/airbus/Airbus_Annual_Report_2024.pdf,https://www.airbus.com/sites/g/files/jlcbta136/files/2025-04/Airbus%20Annual%20Report%202024.pdf
airbus::Airbus_Annual_Report_2024::0124,Airbus,annual_report,2024,Airbus_Annual_Report_2024.pdf,124,51,52,Space Systems,496,405,2908,Airbus | Airbus_Annual_Report_2024.pdf | pages 51-52,data/raw_pdfs/airbus/Airbus_Annual_Report_2024.pdf,https://www.airbus.com/sites/g/files/jlcbta136/files/2025-04/Airbus%20Annual%20Report%202024.pdf
airbus::Airbus_Annual_Report_2024::0125,Airbus,annual_report,2024,Airbus_Annual_Report_2024.pdf,125,52,52,Connected Intelligence,476,376,2752,Airbus | Airbus_Annual_Report_2024.pdf | page 52,data/raw_pdfs/airbus/Airbus_Annual_Report_2024.pdf,https://www.airbus.com/sites/g/files/jlcbta136/files/2025-04/Airbus%20Annual%20Report%202024.pdf
airbus::Airbus_Annual_Report_2024::0126,Airbus,annual_report,2024,Airbus_Annual_Report_2024.pdf,126,52,52,Connected Intelligence,461,360,2642,Airbus | Airbus_Annual_Report_2024.pdf | page 52,data/raw_pdfs/airbus/Airbus_Annual_Report_2024.pdf,https://www.airbus.com/sites/g/files/jlcbta136/files/2025-04/Airbus%20Annual%20Report%202024.pdf
airbus::Airbus_Annual_Report_2024::0127,Airbus,annual_report,2024,Airbus_Annual_Report_2024.pdf,127,52,52,Connected Intelligence,488,384,2901,Airbus | Airbus_Annual_Report_2024.pdf | page 52,data/raw_pdfs/airbus/Airbus_Annual_Report_2024.pdf,https://www.airbus.com/sites/g/files/jlcbta136/files/2025-04/Airbus%20Annual%20Report%202024.pdf
airbus::Airbus_Annual_Report_2024::0128,Airbus,annual_report,2024,Airbus_Annual_Report_2024.pdf,128,52,53,Connected Intelligence,474,377,2703,Airbus | Airbus_Annual_Report_2024.pdf | pages 52-53,data/raw_pdfs/airbus/Airbus_Annual_Report_2024.pdf,https://www.airbus.com/sites/g/files/jlcbta136/files/2025-04/Airbus%20Annual%20Report%202024.pdf
airbus::Airbus_Annual_Report_2024::0129,Airbus,annual_report,2024,Airbus_Annual_Report_2024.pdf,129,53,53,ArianeGroup,475,396,2678,Airbus | Airbus_Annual_Report_2024.pdf | page 53,data/raw_pdfs/airbus/Airbus_Annual_Report_2024.pdf,https://www.airbus.com/sites/g/files/jlcbta136/files/2025-04/Airbus%20Annual%20Report%202024.pdf
airbus::Airbus_Annual_Report_2024::0130,Airbus,annual_report,2024,Airbus_Annual_Report_2024.pdf,130,53,54,ArianeGroup,474,376,2642,Airbus | Airbus_Annual_Report_2024.pdf | pages 53-54,data/raw_pdfs/airbus/Airbus_Annual_Report_2024.pdf,https://www.airbus.com/sites/g/files/jlcbta136/files/2025-04/Airbus%20Annual%20Report%202024.pdf
airbus::Airbus_Annual_Report_2024::0131,Airbus,annual_report,2024,Airbus_Annual_Report_2024.pdf,131,53,54,ArianeGroup,325,237,1770,Airbus | Airbus_Annual_Report_2024.pdf | pages 53-54,data/raw_pdfs/airbus/Airbus_Annual_Report_2024.pdf,https://www.airbus.com/sites/g/files/jlcbta136/files/2025-04/Airbus%20Annual%20Report%202024.pdf
airbus::Airbus_Annual_Report_2024::0132,Airbus,annual_report,2024,Airbus_Annual_Report_2024.pdf,132,54,54,1.5 Other Corporate Activities,441,346,2500,Airbus | Airbus_Annual_Report_2024.pdf | page 54,data/raw_pdfs/airbus/Airbus_Annual_Report_2024.pdf,https://www.airbus.com/sites/g/files/jlcbta136/files/2025-04/Airbus%20Annual%20Report%202024.pdf
airbus::Airbus_Annual_Report_2024::0133,Airbus,annual_report,2024,Airbus_Annual_Report_2024.pdf,133,54,54,1.5 Other Corporate Activities,455,390,2679,Airbus | Airbus_Annual_Report_2024.pdf | page 54,data/raw_pdfs/airbus/Airbus_Annual_Report_2024.pdf,https://www.airbus.com/sites/g/files/jlcbta136/files/2025-04/Airbus%20Annual%20Report%202024.pdf
airbus::Airbus_Annual_Report_2024::0134,Airbus,annual_report,2024,Airbus_Annual_Report_2024.pdf,134,54,55,1.5 Other Corporate Activities,497,430,2996,Airbus | Airbus_Annual_Report_2024.pdf | pages 54-55,data/raw_pdfs/airbus/Airbus_Annual_Report_2024.pdf,https://www.airbus.com/sites/g/files/jlcbta136/files/2025-04/Airbus%20Annual%20Report%202024.pdf
airbus::Airbus_Annual_Report_2024::0135,Airbus,annual_report,2024,Airbus_Annual_Report_2024.pdf,135,54,55,1.5 Other Corporate Activities,474,398,2760,Airbus | Airbus_Annual_Report_2024.pdf | pages 54-55,data/raw_pdfs/airbus/Airbus_Annual_Report_2024.pdf,https://www.airbus.com/sites/g/files/jlcbta136/files/2025-04/Airbus%20Annual%20Report%202024.pdf
airbus::Airbus_Annual_Report_2024::0136,Airbus,annual_report,2024,Airbus_Annual_Report_2024.pdf,136,55,55,1.5.1.4 Digitally enabled people,494,395,2822,Airbus | Airbus_Annual_Report_2024.pdf | page 55,data/raw_pdfs/airbus/Airbus_Annual_Report_2024.pdf,https://www.airbus.com/sites/g/files/jlcbta136/files/2025-04/Airbus%20Annual%20Report%202024.pdf
airbus::Airbus_Annual_Report_2024::0137,Airbus,annual_report,2024,Airbus_Annual_Report_2024.pdf,137,55,56,1.5.1.4 Digitally enabled people,497,393,2876,Airbus | Airbus_Annual_Report_2024.pdf | pages 55-56,data/raw_pdfs/airbus/Airbus_Annual_Report_2024.pdf,https://www.airbus.com/sites/g/files/jlcbta136/files/2025-04/Airbus%20Annual%20Report%202024.pdf
airbus::Airbus_Annual_Report_2024::0138,Airbus,annual_report,2024,Airbus_Annual_Report_2024.pdf,138,55,56,1.5.1.4 Digitally enabled people,479,395,2912,Airbus | Airbus_Annual_Report_2024.pdf | pages 55-56,data/raw_pdfs/airbus/Airbus_Annual_Report_2024.pdf,https://www.airbus.com/sites/g/files/jlcbta136/files/2025-04/Airbus%20Annual%20Report%202024.pdf
airbus::Airbus_Annual_Report_2024::0139,Airbus,annual_report,2024,Airbus_Annual_Report_2024.pdf,139,56,56,1.5.1.5 Concluding thoughts and next challenges,429,351,2634,Airbus | Airbus_Annual_Report_2024.pdf | page 56,data/raw_pdfs/airbus/Airbus_Annual_Report_2024.pdf,https://www.airbus.com/sites/g/files/jlcbta136/files/2025-04/Airbus%20Annual%20Report%202024.pdf
airbus::Airbus_Annual_Report_2024::0140,Airbus,annual_report,2024,Airbus_Annual_Report_2024.pdf,140,56,57,1.5.1.5 Concluding thoughts and next challenges,494,381,2886,Airbus | Airbus_Annual_Report_2024.pdf | pages 56-57,data/raw_pdfs/airbus/Airbus_Annual_Report_2024.pdf,https://www.airbus.com/sites/g/files/jlcbta136/files/2025-04/Airbus%20Annual%20Report%202024.pdf
airbus::Airbus_Annual_Report_2024::0141,Airbus,annual_report,2024,Airbus_Annual_Report_2024.pdf,141,56,57,1.5.1.5 Concluding thoughts and next challenges,493,395,2988,Airbus | Airbus_Annual_Report_2024.pdf | pages 56-57,data/raw_pdfs/airbus/Airbus_Annual_Report_2024.pdf,https://www.airbus.com/sites/g/files/jlcbta136/files/2025-04/Airbus%20Annual%20Report%202024.pdf
airbus::Airbus_Annual_Report_2024::0142,Airbus,annual_report,2024,Airbus_Annual_Report_2024.pdf,142,57,57,Key progress in 2024,433,360,2602,Airbus | Airbus_Annual_Report_2024.pdf | page 57,data/raw_pdfs/airbus/Airbus_Annual_Report_2024.pdf,https://www.airbus.com/sites/g/files/jlcbta136/files/2025-04/Airbus%20Annual%20Report%202024.pdf
airbus::Airbus_Annual_Report_2024::0143,Airbus,annual_report,2024,Airbus_Annual_Report_2024.pdf,143,57,57,Key progress in 2024,445,369,2635,Airbus | Airbus_Annual_Report_2024.pdf | page 57,data/raw_pdfs/airbus/Airbus_Annual_Report_2024.pdf,https://www.airbus.com/sites/g/files/jlcbta136/files/2025-04/Airbus%20Annual%20Report%202024.pdf
airbus::Airbus_Annual_Report_2024::0144,Airbus,annual_report,2024,Airbus_Annual_Report_2024.pdf,144,57,58,Key progress in 2024,457,374,2645,Airbus | Airbus_Annual_Report_2024.pdf | pages 57-58,data/raw_pdfs/airbus/Airbus_Annual_Report_2024.pdf,https://www.airbus.com/sites/g/files/jlcbta136/files/2025-04/Airbus%20Annual%20Report%202024.pdf
airbus::Airbus_Annual_Report_2024::0145,Airbus,annual_report,2024,Airbus_Annual_Report_2024.pdf,145,58,58,Key progress in 2024,490,408,3003,Airbus | Airbus_Annual_Report_2024.pdf | page 58,data/raw_pdfs/airbus/Airbus_Annual_Report_2024.pdf,https://www.airbus.com/sites/g/files/jlcbta136/files/2025-04/Airbus%20Annual%20Report%202024.pdf
airbus::Airbus_Annual_Report_2024::0146,Airbus,annual_report,2024,Airbus_Annual_Report_2024.pdf,146,58,58,Key progress in 2024,493,419,2905,Airbus | Airbus_Annual_Report_2024.pdf | page 58,data/raw_pdfs/airbus/Airbus_Annual_Report_2024.pdf,https://www.airbus.com/sites/g/files/jlcbta136/files/2025-04/Airbus%20Annual%20Report%202024.pdf
airbus::Airbus_Annual_Report_2024::0147,Airbus,annual_report,2024,Airbus_Annual_Report_2024.pdf,147,58,59,Key progress in 2024,384,310,2298,Airbus | Airbus_Annual_Report_2024.pdf | pages 58-59,data/raw_pdfs/airbus/Airbus_Annual_Report_2024.pdf,https://www.airbus.com/sites/g/files/jlcbta136/files/2025-04/Airbus%20Annual%20Report%202024.pdf
airbus::Airbus_Annual_Report_2024::0148,Airbus,annual_report,2024,Airbus_Annual_Report_2024.pdf,148,59,59,Key progress in 2024,492,393,2976,Airbus | Airbus_Annual_Report_2024.pdf | page 59,data/raw_pdfs/airbus/Airbus_Annual_Report_2024.pdf,https://www.airbus.com/sites/g/files/jlcbta136/files/2025-04/Airbus%20Annual%20Report%202024.pdf
airbus::Airbus_Annual_Report_2024::0149,Airbus,annual_report,2024,Airbus_Annual_Report_2024.pdf,149,59,59,Key progress in 2024,471,395,2702,Airbus | Airbus_Annual_Report_2024.pdf | page 59,data/raw_pdfs/airbus/Airbus_Annual_Report_2024.pdf,https://www.airbus.com/sites/g/files/jlcbta136/files/2025-04/Airbus%20Annual%20Report%202024.pdf
airbus::Airbus_Annual_Report_2024::0150,Airbus,annual_report,2024,Airbus_Annual_Report_2024.pdf,150,59,63,Key progress in 2024,441,350,2417,Airbus | Airbus_Annual_Report_2024.pdf | pages 59-63,data/raw_pdfs/airbus/Airbus_Annual_Report_2024.pdf,https://www.airbus.com/sites/g/files/jlcbta136/files/2025-04/Airbus%20Annual%20Report%202024.pdf
airbus::Airbus_Annual_Report_2024::0151,Airbus,annual_report,2024,Airbus_Annual_Report_2024.pdf,151,63,63,2.1 Board of Directors,260,211,1378,Airbus | Airbus_Annual_Report_2024.pdf | page 63,data/raw_pdfs/airbus/Airbus_Annual_Report_2024.pdf,https://www.airbus.com/sites/g/files/jlcbta136/files/2025-04/Airbus%20Annual%20Report%202024.pdf
airbus::Airbus_Annual_Report_2024::0152,Airbus,annual_report,2024,Airbus_Annual_Report_2024.pdf,152,63,63,2.1 Board of Directors,461,380,2377,Airbus | Airbus_Annual_Report_2024.pdf | page 63,data/raw_pdfs/airbus/Airbus_Annual_Report_2024.pdf,https://www.airbus.com/sites/g/files/jlcbta136/files/2025-04/Airbus%20Annual%20Report%202024.pdf
airbus::Airbus_Annual_Report_2024::0153,Airbus,annual_report,2024,Airbus_Annual_Report_2024.pdf,153,63,63,2.1 Board of Directors,487,390,2485,Airbus | Airbus_Annual_Report_2024.pdf | page 63,data/raw_pdfs/airbus/Airbus_Annual_Report_2024.pdf,https://www.airbus.com/sites/g/files/jlcbta136/files/2025-04/Airbus%20Annual%20Report%202024.pdf
airbus::Airbus_Annual_Report_2024::0154,Airbus,annual_report,2024,Airbus_Annual_Report_2024.pdf,154,63,64,2.1 Board of Directors,469,416,2648,Airbus | Airbus_Annual_Report_2024.pdf | pages 63-64,data/raw_pdfs/airbus/Airbus_Annual_Report_2024.pdf,https://www.airbus.com/sites/g/files/jlcbta136/files/2025-04/Airbus%20Annual%20Report%202024.pdf
airbus::Airbus_Annual_Report_2024::0155,Airbus,annual_report,2024,Airbus_Annual_Report_2024.pdf,155,63,67,2.1 Board of Directors,490,393,2703,Airbus | Airbus_Annual_Report_2024.pdf | pages 63-67,data/raw_pdfs/airbus/Airbus_Annual_Report_2024.pdf,https://www.airbus.com/sites/g/files/jlcbta136/files/2025-04/Airbus%20Annual%20Report%202024.pdf
airbus::Airbus_Annual_Report_2024::0156,Airbus,annual_report,2024,Airbus_Annual_Report_2024.pdf,156,65,67,2.1 Board of Directors,456,393,2480,Airbus | Airbus_Annual_Report_2024.pdf | pages 65-67,data/raw_pdfs/airbus/Airbus_Annual_Report_2024.pdf,https://www.airbus.com/sites/g/files/jlcbta136/files/2025-04/Airbus%20Annual%20Report%202024.pdf
airbus::Airbus_Annual_Report_2024::0157,Airbus,annual_report,2024,Airbus_Annual_Report_2024.pdf,157,67,67,"2.1.2 Powers, rules and engagement",401,356,2142,Airbus | Airbus_Annual_Report_2024.pdf | page 67,data/raw_pdfs/airbus/Airbus_Annual_Report_2024.pdf,https://www.airbus.com/sites/g/files/jlcbta136/files/2025-04/Airbus%20Annual%20Report%202024.pdf
airbus::Airbus_Annual_Report_2024::0158,Airbus,annual_report,2024,Airbus_Annual_Report_2024.pdf,158,67,67,"2.1.2 Powers, rules and engagement",483,417,2590,Airbus | Airbus_Annual_Report_2024.pdf | page 67,data/raw_pdfs/airbus/Airbus_Annual_Report_2024.pdf,https://www.airbus.com/sites/g/files/jlcbta136/files/2025-04/Airbus%20Annual%20Report%202024.pdf
airbus::Airbus_Annual_Report_2024::0159,Airbus,annual_report,2024,Airbus_Annual_Report_2024.pdf,159,67,68,"2.1.2 Powers, rules and engagement",499,431,2747,Airbus | Airbus_Annual_Report_2024.pdf | pages 67-68,data/raw_pdfs/airbus/Airbus_Annual_Report_2024.pdf,https://www.airbus.com/sites/g/files/jlcbta136/files/2025-04/Airbus%20Annual%20Report%202024.pdf
airbus::Airbus_Annual_Report_2024::0160,Airbus,annual_report,2024,Airbus_Annual_Report_2024.pdf,160,68,68,2.1.3 Operation of the Board of,468,377,2643,Airbus | Airbus_Annual_Report_2024.pdf | page 68,data/raw_pdfs/airbus/Airbus_Annual_Report_2024.pdf,https://www.airbus.com/sites/g/files/jlcbta136/files/2025-04/Airbus%20Annual%20Report%202024.pdf
airbus::Airbus_Annual_Report_2024::0161,Airbus,annual_report,2024,Airbus_Annual_Report_2024.pdf,161,68,68,2.1.3 Operation of the Board of,490,408,2773,Airbus | Airbus_Annual_Report_2024.pdf | page 68,data/raw_pdfs/airbus/Airbus_Annual_Report_2024.pdf,https://www.airbus.com/sites/g/files/jlcbta136/files/2025-04/Airbus%20Annual%20Report%202024.pdf
airbus::Airbus_Annual_Report_2024::0162,Airbus,annual_report,2024,Airbus_Annual_Report_2024.pdf,162,68,69,2.1.3 Operation of the Board of,386,322,2196,Airbus | Airbus_Annual_Report_2024.pdf | pages 68-69,data/raw_pdfs/airbus/Airbus_Annual_Report_2024.pdf,https://www.airbus.com/sites/g/files/jlcbta136/files/2025-04/Airbus%20Annual%20Report%202024.pdf
airbus::Airbus_Annual_Report_2024::0163,Airbus,annual_report,2024,Airbus_Annual_Report_2024.pdf,163,69,69,Board evaluation 2024,372,317,2049,Airbus | Airbus_Annual_Report_2024.pdf | page 69,data/raw_pdfs/airbus/Airbus_Annual_Report_2024.pdf,https://www.airbus.com/sites/g/files/jlcbta136/files/2025-04/Airbus%20Annual%20Report%202024.pdf
airbus::Airbus_Annual_Report_2024::0164,Airbus,annual_report,2024,Airbus_Annual_Report_2024.pdf,164,69,69,Board evaluation 2024,438,372,2450,Airbus | Airbus_Annual_Report_2024.pdf | page 69,data/raw_pdfs/airbus/Airbus_Annual_Report_2024.pdf,https://www.airbus.com/sites/g/files/jlcbta136/files/2025-04/Airbus%20Annual%20Report%202024.pdf
airbus::Airbus_Annual_Report_2024::0165,Airbus,annual_report,2024,Airbus_Annual_Report_2024.pdf,165,69,69,Board evaluation 2024,462,392,2685,Airbus | Airbus_Annual_Report_2024.pdf | page 69,data/raw_pdfs/airbus/Airbus_Annual_Report_2024.pdf,https://www.airbus.com/sites/g/files/jlcbta136/files/2025-04/Airbus%20Annual%20Report%202024.pdf
airbus::Airbus_Annual_Report_2024::0166,Airbus,annual_report,2024,Airbus_Annual_Report_2024.pdf,166,69,70,Board evaluation 2024,471,386,2703,Airbus | Airbus_Annual_Report_2024.pdf | pages 69-70,data/raw_pdfs/airbus/Airbus_Annual_Report_2024.pdf,https://www.airbus.com/sites/g/files/jlcbta136/files/2025-04/Airbus%20Annual%20Report%202024.pdf
airbus::Airbus_Annual_Report_2024::0167,Airbus,annual_report,2024,Airbus_Annual_Report_2024.pdf,167,70,70,2.1.4 Board Committees,488,413,2808,Airbus | Airbus_Annual_Report_2024.pdf | page 70,data/raw_pdfs/airbus/Airbus_Annual_Report_2024.pdf,https://www.airbus.com/sites/g/files/jlcbta136/files/2025-04/Airbus%20Annual%20Report%202024.pdf
airbus::Airbus_Annual_Report_2024::0168,Airbus,annual_report,2024,Airbus_Annual_Report_2024.pdf,168,70,70,2.1.4 Board Committees,469,398,2594,Airbus | Airbus_Annual_Report_2024.pdf | page 70,data/raw_pdfs/airbus/Airbus_Annual_Report_2024.pdf,https://www.airbus.com/sites/g/files/jlcbta136/files/2025-04/Airbus%20Annual%20Report%202024.pdf
airbus::Airbus_Annual_Report_2024::0169,Airbus,annual_report,2024,Airbus_Annual_Report_2024.pdf,169,70,71,2.1.4 Board Committees,375,305,2145,Airbus | Airbus_Annual_Report_2024.pdf | pages 70-71,data/raw_pdfs/airbus/Airbus_Annual_Report_2024.pdf,https://www.airbus.com/sites/g/files/jlcbta136/files/2025-04/Airbus%20Annual%20Report%202024.pdf
airbus::Airbus_Annual_Report_2024::0170,Airbus,annual_report,2024,Airbus_Annual_Report_2024.pdf,170,70,71,2.1.4 Board Committees,471,392,2696,Airbus | Airbus_Annual_Report_2024.pdf | pages 70-71,data/raw_pdfs/airbus/Airbus_Annual_Report_2024.pdf,https://www.airbus.com/sites/g/files/jlcbta136/files/2025-04/Airbus%20Annual%20Report%202024.pdf
airbus::Airbus_Annual_Report_2024::0171,Airbus,annual_report,2024,Airbus_Annual_Report_2024.pdf,171,71,72,"The Remuneration, Nomination and Governance Committee",472,384,2474,Airbus | Airbus_Annual_Report_2024.pdf | pages 71-72,data/raw_pdfs/airbus/Airbus_Annual_Report_2024.pdf,https://www.airbus.com/sites/g/files/jlcbta136/files/2025-04/Airbus%20Annual%20Report%202024.pdf
airbus::Airbus_Annual_Report_2024::0172,Airbus,annual_report,2024,Airbus_Annual_Report_2024.pdf,172,71,72,"The Remuneration, Nomination and Governance Committee",439,352,2280,Airbus | Airbus_Annual_Report_2024.pdf | pages 71-72,data/raw_pdfs/airbus/Airbus_Annual_Report_2024.pdf,https://www.airbus.com/sites/g/files/jlcbta136/files/2025-04/Airbus%20Annual%20Report%202024.pdf
airbus::Airbus_Annual_Report_2024::0173,Airbus,annual_report,2024,Airbus_Annual_Report_2024.pdf,173,72,73,2.2 Executive Committee,486,406,2695,Airbus | Airbus_Annual_Report_2024.pdf | pages 72-73,data/raw_pdfs/airbus/Airbus_Annual_Report_2024.pdf,https://www.airbus.com/sites/g/files/jlcbta136/files/2025-04/Airbus%20Annual%20Report%202024.pdf
airbus::Airbus_Annual_Report_2024::0174,Airbus,annual_report,2024,Airbus_Annual_Report_2024.pdf,174,72,73,2.2 Executive Committee,498,371,2480,Airbus | Airbus_Annual_Report_2024.pdf | pages 72-73,data/raw_pdfs/airbus/Airbus_Annual_Report_2024.pdf,https://www.airbus.com/sites/g/files/jlcbta136/files/2025-04/Airbus%20Annual%20Report%202024.pdf
airbus::Airbus_Annual_Report_2024::0175,Airbus,annual_report,2024,Airbus_Annual_Report_2024.pdf,175,73,73,2.3 Remuneration Report,417,314,1888,Airbus | Airbus_Annual_Report_2024.pdf | page 73,data/raw_pdfs/airbus/Airbus_Annual_Report_2024.pdf,https://www.airbus.com/sites/g/files/jlcbta136/files/2025-04/Airbus%20Annual%20Report%202024.pdf
airbus::Airbus_Annual_Report_2024::0176,Airbus,annual_report,2024,Airbus_Annual_Report_2024.pdf,176,73,74,2.3 Remuneration Report,474,374,2428,Airbus | Airbus_Annual_Report_2024.pdf | pages 73-74,data/raw_pdfs/airbus/Airbus_Annual_Report_2024.pdf,https://www.airbus.com/sites/g/files/jlcbta136/files/2025-04/Airbus%20Annual%20Report%202024.pdf
airbus::Airbus_Annual_Report_2024::0177,Airbus,annual_report,2024,Airbus_Annual_Report_2024.pdf,177,74,74,2.3.2 Implementation of the,478,352,2284,Airbus | Airbus_Annual_Report_2024.pdf | page 74,data/raw_pdfs/airbus/Airbus_Annual_Report_2024.pdf,https://www.airbus.com/sites/g/files/jlcbta136/files/2025-04/Airbus%20Annual%20Report%202024.pdf
airbus::Airbus_Annual_Report_2024::0178,Airbus,annual_report,2024,Airbus_Annual_Report_2024.pdf,178,74,74,2.3.2 Implementation of the,421,332,2091,Airbus | Airbus_Annual_Report_2024.pdf | page 74,data/raw_pdfs/airbus/Airbus_Annual_Report_2024.pdf,https://www.airbus.com/sites/g/files/jlcbta136/files/2025-04/Airbus%20Annual%20Report%202024.pdf
airbus::Airbus_Annual_Report_2024::0179,Airbus,annual_report,2024,Airbus_Annual_Report_2024.pdf,179,74,75,2.3.2 Implementation of the,466,333,2097,Airbus | Airbus_Annual_Report_2024.pdf | pages 74-75,data/raw_pdfs/airbus/Airbus_Annual_Report_2024.pdf,https://www.airbus.com/sites/g/files/jlcbta136/files/2025-04/Airbus%20Annual%20Report%202024.pdf
airbus::Airbus_Annual_Report_2024::0180,Airbus,annual_report,2024,Airbus_Annual_Report_2024.pdf,180,75,75,3. Variable Remuneration,429,325,1956,Airbus | Airbus_Annual_Report_2024.pdf | page 75,data/raw_pdfs/airbus/Airbus_Annual_Report_2024.pdf,https://www.airbus.com/sites/g/files/jlcbta136/files/2025-04/Airbus%20Annual%20Report%202024.pdf
airbus::Airbus_Annual_Report_2024::0181,Airbus,annual_report,2024,Airbus_Annual_Report_2024.pdf,181,75,75,3. Variable Remuneration,495,404,2540,Airbus | Airbus_Annual_Report_2024.pdf | page 75,data/raw_pdfs/airbus/Airbus_Annual_Report_2024.pdf,https://www.airbus.com/sites/g/files/jlcbta136/files/2025-04/Airbus%20Annual%20Report%202024.pdf
airbus::Airbus_Annual_Report_2024::0182,Airbus,annual_report,2024,Airbus_Annual_Report_2024.pdf,182,75,76,3. Variable Remuneration,469,390,2672,Airbus | Airbus_Annual_Report_2024.pdf | pages 75-76,data/raw_pdfs/airbus/Airbus_Annual_Report_2024.pdf,https://www.airbus.com/sites/g/files/jlcbta136/files/2025-04/Airbus%20Annual%20Report%202024.pdf
airbus::Airbus_Annual_Report_2024::0183,Airbus,annual_report,2024,Airbus_Annual_Report_2024.pdf,183,76,76,3. Variable Remuneration,489,426,2907,Airbus | Airbus_Annual_Report_2024.pdf | page 76,data/raw_pdfs/airbus/Airbus_Annual_Report_2024.pdf,https://www.airbus.com/sites/g/files/jlcbta136/files/2025-04/Airbus%20Annual%20Report%202024.pdf
airbus::Airbus_Annual_Report_2024::0184,Airbus,annual_report,2024,Airbus_Annual_Report_2024.pdf,184,76,77,3. Variable Remuneration,491,430,2809,Airbus | Airbus_Annual_Report_2024.pdf | pages 76-77,data/raw_pdfs/airbus/Airbus_Annual_Report_2024.pdf,https://www.airbus.com/sites/g/files/jlcbta136/files/2025-04/Airbus%20Annual%20Report%202024.pdf
airbus::Airbus_Annual_Report_2024::0185,Airbus,annual_report,2024,Airbus_Annual_Report_2024.pdf,185,77,77,3. Variable Remuneration,492,434,3014,Airbus | Airbus_Annual_Report_2024.pdf | page 77,data/raw_pdfs/airbus/Airbus_Annual_Report_2024.pdf,https://www.airbus.com/sites/g/files/jlcbta136/files/2025-04/Airbus%20Annual%20Report%202024.pdf
airbus::Airbus_Annual_Report_2024::0186,Airbus,annual_report,2024,Airbus_Annual_Report_2024.pdf,186,77,78,3. Variable Remuneration,424,364,2500,Airbus | Airbus_Annual_Report_2024.pdf | pages 77-78,data/raw_pdfs/airbus/Airbus_Annual_Report_2024.pdf,https://www.airbus.com/sites/g/files/jlcbta136/files/2025-04/Airbus%20Annual%20Report%202024.pdf
airbus::Airbus_Annual_Report_2024::0187,Airbus,annual_report,2024,Airbus_Annual_Report_2024.pdf,187,78,78,3. Variable Remuneration,497,439,2943,Airbus | Airbus_Annual_Report_2024.pdf | page 78,data/raw_pdfs/airbus/Airbus_Annual_Report_2024.pdf,https://www.airbus.com/sites/g/files/jlcbta136/files/2025-04/Airbus%20Annual%20Report%202024.pdf
airbus::Airbus_Annual_Report_2024::0188,Airbus,annual_report,2024,Airbus_Annual_Report_2024.pdf,188,78,79,3. Variable Remuneration,368,312,1998,Airbus | Airbus_Annual_Report_2024.pdf | pages 78-79,data/raw_pdfs/airbus/Airbus_Annual_Report_2024.pdf,https://www.airbus.com/sites/g/files/jlcbta136/files/2025-04/Airbus%20Annual%20Report%202024.pdf
airbus::Airbus_Annual_Report_2024::0189,Airbus,annual_report,2024,Airbus_Annual_Report_2024.pdf,189,79,80,4. Long-Term Incentive Plan,499,409,2573,Airbus | Airbus_Annual_Report_2024.pdf | pages 79-80,data/raw_pdfs/airbus/Airbus_Annual_Report_2024.pdf,https://www.airbus.com/sites/g/files/jlcbta136/files/2025-04/Airbus%20Annual%20Report%202024.pdf
airbus::Airbus_Annual_Report_2024::0190,Airbus,annual_report,2024,Airbus_Annual_Report_2024.pdf,190,79,80,4. Long-Term Incentive Plan,482,358,2034,Airbus | Airbus_Annual_Report_2024.pdf | pages 79-80,data/raw_pdfs/airbus/Airbus_Annual_Report_2024.pdf,https://www.airbus.com/sites/g/files/jlcbta136/files/2025-04/Airbus%20Annual%20Report%202024.pdf
airbus::Airbus_Annual_Report_2024::0191,Airbus,annual_report,2024,Airbus_Annual_Report_2024.pdf,191,80,81,4. Long-Term Incentive Plan,500,412,2536,Airbus | Airbus_Annual_Report_2024.pdf | pages 80-81,data/raw_pdfs/airbus/Airbus_Annual_Report_2024.pdf,https://www.airbus.com/sites/g/files/jlcbta136/files/2025-04/Airbus%20Annual%20Report%202024.pdf
airbus::Airbus_Annual_Report_2024::0192,Airbus,annual_report,2024,Airbus_Annual_Report_2024.pdf,192,81,81,8. Retirement,476,377,2264,Airbus | Airbus_Annual_Report_2024.pdf | page 81,data/raw_pdfs/airbus/Airbus_Annual_Report_2024.pdf,https://www.airbus.com/sites/g/files/jlcbta136/files/2025-04/Airbus%20Annual%20Report%202024.pdf
airbus::Airbus_Annual_Report_2024::0193,Airbus,annual_report,2024,Airbus_Annual_Report_2024.pdf,193,81,81,8. Retirement,496,415,2573,Airbus | Airbus_Annual_Report_2024.pdf | page 81,data/raw_pdfs/airbus/Airbus_Annual_Report_2024.pdf,https://www.airbus.com/sites/g/files/jlcbta136/files/2025-04/Airbus%20Annual%20Report%202024.pdf
airbus::Airbus_Annual_Report_2024::0194,Airbus,annual_report,2024,Airbus_Annual_Report_2024.pdf,194,81,82,8. Retirement,479,387,2409,Airbus | Airbus_Annual_Report_2024.pdf | pages 81-82,data/raw_pdfs/airbus/Airbus_Annual_Report_2024.pdf,https://www.airbus.com/sites/g/files/jlcbta136/files/2025-04/Airbus%20Annual%20Report%202024.pdf
airbus::Airbus_Annual_Report_2024::0195,Airbus,annual_report,2024,Airbus_Annual_Report_2024.pdf,195,82,82,9. Clawback,499,352,2218,Airbus | Airbus_Annual_Report_2024.pdf | page 82,data/raw_pdfs/airbus/Airbus_Annual_Report_2024.pdf,https://www.airbus.com/sites/g/files/jlcbta136/files/2025-04/Airbus%20Annual%20Report%202024.pdf
airbus::Airbus_Annual_Report_2024::0196,Airbus,annual_report,2024,Airbus_Annual_Report_2024.pdf,196,82,83,9. Clawback,498,299,1817,Airbus | Airbus_Annual_Report_2024.pdf | pages 82-83,data/raw_pdfs/airbus/Airbus_Annual_Report_2024.pdf,https://www.airbus.com/sites/g/files/jlcbta136/files/2025-04/Airbus%20Annual%20Report%202024.pdf
airbus::Airbus_Annual_Report_2024::0197,Airbus,annual_report,2024,Airbus_Annual_Report_2024.pdf,197,82,83,9. Clawback,499,397,2423,Airbus | Airbus_Annual_Report_2024.pdf | pages 82-83,data/raw_pdfs/airbus/Airbus_Annual_Report_2024.pdf,https://www.airbus.com/sites/g/files/jlcbta136/files/2025-04/Airbus%20Annual%20Report%202024.pdf
airbus::Airbus_Annual_Report_2024::0198,Airbus,annual_report,2024,Airbus_Annual_Report_2024.pdf,198,83,83,1. Board fees:,479,384,2519,Airbus | Airbus_Annual_Report_2024.pdf | page 83,data/raw_pdfs/airbus/Airbus_Annual_Report_2024.pdf,https://www.airbus.com/sites/g/files/jlcbta136/files/2025-04/Airbus%20Annual%20Report%202024.pdf
airbus::Airbus_Annual_Report_2024::0199,Airbus,annual_report,2024,Airbus_Annual_Report_2024.pdf,199,83,84,1. Board fees:,479,281,2099,Airbus | Airbus_Annual_Report_2024.pdf | pages 83-84,data/raw_pdfs/airbus/Airbus_Annual_Report_2024.pdf,https://www.airbus.com/sites/g/files/jlcbta136/files/2025-04/Airbus%20Annual%20Report%202024.pdf
airbus::Airbus_Annual_Report_2024::0200,Airbus,annual_report,2024,Airbus_Annual_Report_2024.pdf,200,84,84,1. Board fees:,455,184,1300,Airbus | Airbus_Annual_Report_2024.pdf | page 84,data/raw_pdfs/airbus/Airbus_Annual_Report_2024.pdf,https://www.airbus.com/sites/g/files/jlcbta136/files/2025-04/Airbus%20Annual%20Report%202024.pdf
airbus::Airbus_Annual_Report_2024::0201,Airbus,annual_report,2024,Airbus_Annual_Report_2024.pdf,201,84,85,1. Board fees:,495,368,2260,Airbus | Airbus_Annual_Report_2024.pdf | pages 84-85,data/raw_pdfs/airbus/Airbus_Annual_Report_2024.pdf,https://www.airbus.com/sites/g/files/jlcbta136/files/2025-04/Airbus%20Annual%20Report%202024.pdf
airbus::Airbus_Annual_Report_2024::0202,Airbus,annual_report,2024,Airbus_Annual_Report_2024.pdf,202,84,85,1. Board fees:,492,396,2446,Airbus | Airbus_Annual_Report_2024.pdf | pages 84-85,data/raw_pdfs/airbus/Airbus_Annual_Report_2024.pdf,https://www.airbus.com/sites/g/files/jlcbta136/files/2025-04/Airbus%20Annual%20Report%202024.pdf
airbus::Airbus_Annual_Report_2024::0203,Airbus,annual_report,2024,Airbus_Annual_Report_2024.pdf,203,85,85,2.4 Dutch Corporate Governance Code,295,232,1540,Airbus | Airbus_Annual_Report_2024.pdf | page 85,data/raw_pdfs/airbus/Airbus_Annual_Report_2024.pdf,https://www.airbus.com/sites/g/files/jlcbta136/files/2025-04/Airbus%20Annual%20Report%202024.pdf
airbus::Airbus_Annual_Report_2024::0204,Airbus,annual_report,2024,Airbus_Annual_Report_2024.pdf,204,85,85,2.4 Dutch Corporate Governance Code,474,378,2380,Airbus | Airbus_Annual_Report_2024.pdf | page 85,data/raw_pdfs/airbus/Airbus_Annual_Report_2024.pdf,https://www.airbus.com/sites/g/files/jlcbta136/files/2025-04/Airbus%20Annual%20Report%202024.pdf
airbus::Airbus_Annual_Report_2024::0205,Airbus,annual_report,2024,Airbus_Annual_Report_2024.pdf,205,85,85,2.4 Dutch Corporate Governance Code,440,300,2041,Airbus | Airbus_Annual_Report_2024.pdf | page 85,data/raw_pdfs/airbus/Airbus_Annual_Report_2024.pdf,https://www.airbus.com/sites/g/files/jlcbta136/files/2025-04/Airbus%20Annual%20Report%202024.pdf
airbus::Airbus_Annual_Report_2024::0206,Airbus,annual_report,2024,Airbus_Annual_Report_2024.pdf,206,85,86,2.4 Dutch Corporate Governance Code,466,354,2363,Airbus | Airbus_Annual_Report_2024.pdf | pages 85-86,data/raw_pdfs/airbus/Airbus_Annual_Report_2024.pdf,https://www.airbus.com/sites/g/files/jlcbta136/files/2025-04/Airbus%20Annual%20Report%202024.pdf
airbus::Airbus_Annual_Report_2024::0207,Airbus,annual_report,2024,Airbus_Annual_Report_2024.pdf,207,86,89,2.5 Miscellaneous,500,407,2583,Airbus | Airbus_Annual_Report_2024.pdf | pages 86-89,data/raw_pdfs/airbus/Airbus_Annual_Report_2024.pdf,https://www.airbus.com/sites/g/files/jlcbta136/files/2025-04/Airbus%20Annual%20Report%202024.pdf
airbus::Airbus_Annual_Report_2024::0208,Airbus,annual_report,2024,Airbus_Annual_Report_2024.pdf,208,86,89,2.5 Miscellaneous,421,359,2371,Airbus | Airbus_Annual_Report_2024.pdf | pages 86-89,data/raw_pdfs/airbus/Airbus_Annual_Report_2024.pdf,https://www.airbus.com/sites/g/files/jlcbta136/files/2025-04/Airbus%20Annual%20Report%202024.pdf
airbus::Airbus_Annual_Report_2024::0209,Airbus,annual_report,2024,Airbus_Annual_Report_2024.pdf,209,89,89,3.1 Risk Factors,431,376,2551,Airbus | Airbus_Annual_Report_2024.pdf | page 89,data/raw_pdfs/airbus/Airbus_Annual_Report_2024.pdf,https://www.airbus.com/sites/g/files/jlcbta136/files/2025-04/Airbus%20Annual%20Report%202024.pdf
airbus::Airbus_Annual_Report_2024::0210,Airbus,annual_report,2024,Airbus_Annual_Report_2024.pdf,210,89,89,3.1 Risk Factors,250,212,1517,Airbus | Airbus_Annual_Report_2024.pdf | page 89,data/raw_pdfs/airbus/Airbus_Annual_Report_2024.pdf,https://www.airbus.com/sites/g/files/jlcbta136/files/2025-04/Airbus%20Annual%20Report%202024.pdf
airbus::Airbus_Annual_Report_2024::0211,Airbus,annual_report,2024,Airbus_Annual_Report_2024.pdf,211,89,89,3.1 Risk Factors,409,349,2356,Airbus | Airbus_Annual_Report_2024.pdf | page 89,data/raw_pdfs/airbus/Airbus_Annual_Report_2024.pdf,https://www.airbus.com/sites/g/files/jlcbta136/files/2025-04/Airbus%20Annual%20Report%202024.pdf
airbus::Airbus_Annual_Report_2024::0212,Airbus,annual_report,2024,Airbus_Annual_Report_2024.pdf,212,89,90,3.1 Risk Factors,438,373,2537,Airbus | Airbus_Annual_Report_2024.pdf | pages 89-90,data/raw_pdfs/airbus/Airbus_Annual_Report_2024.pdf,https://www.airbus.com/sites/g/files/jlcbta136/files/2025-04/Airbus%20Annual%20Report%202024.pdf
airbus::Airbus_Annual_Report_2024::0213,Airbus,annual_report,2024,Airbus_Annual_Report_2024.pdf,213,89,90,3.1 Risk Factors,485,414,2851,Airbus | Airbus_Annual_Report_2024.pdf | pages 89-90,data/raw_pdfs/airbus/Airbus_Annual_Report_2024.pdf,https://www.airbus.com/sites/g/files/jlcbta136/files/2025-04/Airbus%20Annual%20Report%202024.pdf
airbus::Airbus_Annual_Report_2024::0214,Airbus,annual_report,2024,Airbus_Annual_Report_2024.pdf,214,90,90,3.1 Risk Factors,258,224,1574,Airbus | Airbus_Annual_Report_2024.pdf | page 90,data/raw_pdfs/airbus/Airbus_Annual_Report_2024.pdf,https://www.airbus.com/sites/g/files/jlcbta136/files/2025-04/Airbus%20Annual%20Report%202024.pdf
airbus::Airbus_Annual_Report_2024::0215,Airbus,annual_report,2024,Airbus_Annual_Report_2024.pdf,215,90,90,3.1 Risk Factors,332,284,1940,Airbus | Airbus_Annual_Report_2024.pdf | page 90,data/raw_pdfs/airbus/Airbus_Annual_Report_2024.pdf,https://www.airbus.com/sites/g/files/jlcbta136/files/2025-04/Airbus%20Annual%20Report%202024.pdf
airbus::Airbus_Annual_Report_2024::0216,Airbus,annual_report,2024,Airbus_Annual_Report_2024.pdf,216,90,90,3.1 Risk Factors,447,376,2560,Airbus | Airbus_Annual_Report_2024.pdf | page 90,data/raw_pdfs/airbus/Airbus_Annual_Report_2024.pdf,https://www.airbus.com/sites/g/files/jlcbta136/files/2025-04/Airbus%20Annual%20Report%202024.pdf
airbus::Airbus_Annual_Report_2024::0217,Airbus,annual_report,2024,Airbus_Annual_Report_2024.pdf,217,90,90,3.1 Risk Factors,428,350,2337,Airbus | Airbus_Annual_Report_2024.pdf | page 90,data/raw_pdfs/airbus/Airbus_Annual_Report_2024.pdf,https://www.airbus.com/sites/g/files/jlcbta136/files/2025-04/Airbus%20Annual%20Report%202024.pdf
airbus::Airbus_Annual_Report_2024::0218,Airbus,annual_report,2024,Airbus_Annual_Report_2024.pdf,218,90,90,3.1 Risk Factors,422,336,2291,Airbus | Airbus_Annual_Report_2024.pdf | page 90,data/raw_pdfs/airbus/Airbus_Annual_Report_2024.pdf,https://www.airbus.com/sites/g/files/jlcbta136/files/2025-04/Airbus%20Annual%20Report%202024.pdf
airbus::Airbus_Annual_Report_2024::0219,Airbus,annual_report,2024,Airbus_Annual_Report_2024.pdf,219,90,91,3.1 Risk Factors,413,338,2379,Airbus | Airbus_Annual_Report_2024.pdf | pages 90-91,data/raw_pdfs/airbus/Airbus_Annual_Report_2024.pdf,https://www.airbus.com/sites/g/files/jlcbta136/files/2025-04/Airbus%20Annual%20Report%202024.pdf
airbus::Airbus_Annual_Report_2024::0220,Airbus,annual_report,2024,Airbus_Annual_Report_2024.pdf,220,91,91,3.1.2 Business and operations-,418,359,2470,Airbus | Airbus_Annual_Report_2024.pdf | page 91,data/raw_pdfs/airbus/Airbus_Annual_Report_2024.pdf,https://www.airbus.com/sites/g/files/jlcbta136/files/2025-04/Airbus%20Annual%20Report%202024.pdf
airbus::Airbus_Annual_Report_2024::0221,Airbus,annual_report,2024,Airbus_Annual_Report_2024.pdf,221,91,91,3.1.2 Business and operations-,477,392,2692,Airbus | Airbus_Annual_Report_2024.pdf | page 91,data/raw_pdfs/airbus/Airbus_Annual_Report_2024.pdf,https://www.airbus.com/sites/g/files/jlcbta136/files/2025-04/Airbus%20Annual%20Report%202024.pdf
airbus::Airbus_Annual_Report_2024::0222,Airbus,annual_report,2024,Airbus_Annual_Report_2024.pdf,222,91,91,3.1.2 Business and operations-,317,249,1724,Airbus | Airbus_Annual_Report_2024.pdf | page 91,data/raw_pdfs/airbus/Airbus_Annual_Report_2024.pdf,https://www.airbus.com/sites/g/files/jlcbta136/files/2025-04/Airbus%20Annual%20Report%202024.pdf
airbus::Airbus_Annual_Report_2024::0223,Airbus,annual_report,2024,Airbus_Annual_Report_2024.pdf,223,91,91,3.1.2 Business and operations-,405,357,2387,Airbus | Airbus_Annual_Report_2024.pdf | page 91,data/raw_pdfs/airbus/Airbus_Annual_Report_2024.pdf,https://www.airbus.com/sites/g/files/jlcbta136/files/2025-04/Airbus%20Annual%20Report%202024.pdf
airbus::Airbus_Annual_Report_2024::0224,Airbus,annual_report,2024,Airbus_Annual_Report_2024.pdf,224,91,92,3.1.2 Business and operations-,497,430,2910,Airbus | Airbus_Annual_Report_2024.pdf | pages 91-92,data/raw_pdfs/airbus/Airbus_Annual_Report_2024.pdf,https://www.airbus.com/sites/g/files/jlcbta136/files/2025-04/Airbus%20Annual%20Report%202024.pdf
airbus::Airbus_Annual_Report_2024::0225,Airbus,annual_report,2024,Airbus_Annual_Report_2024.pdf,225,91,92,3.1.2 Business and operations-,429,361,2471,Airbus | Airbus_Annual_Report_2024.pdf | pages 91-92,data/raw_pdfs/airbus/Airbus_Annual_Report_2024.pdf,https://www.airbus.com/sites/g/files/jlcbta136/files/2025-04/Airbus%20Annual%20Report%202024.pdf
airbus::Airbus_Annual_Report_2024::0226,Airbus,annual_report,2024,Airbus_Annual_Report_2024.pdf,226,92,92,3.1.2 Business and operations-,465,382,2540,Airbus | Airbus_Annual_Report_2024.pdf | page 92,data/raw_pdfs/airbus/Airbus_Annual_Report_2024.pdf,https://www.airbus.com/sites/g/files/jlcbta136/files/2025-04/Airbus%20Annual%20Report%202024.pdf
airbus::Airbus_Annual_Report_2024::0227,Airbus,annual_report,2024,Airbus_Annual_Report_2024.pdf,227,92,92,3.1.2 Business and operations-,400,339,2284,Airbus | Airbus_Annual_Report_2024.pdf | page 92,data/raw_pdfs/airbus/Airbus_Annual_Report_2024.pdf,https://www.airbus.com/sites/g/files/jlcbta136/files/2025-04/Airbus%20Annual%20Report%202024.pdf
airbus::Airbus_Annual_Report_2024::0228,Airbus,annual_report,2024,Airbus_Annual_Report_2024.pdf,228,92,92,3.1.2 Business and operations-,446,370,2526,Airbus | Airbus_Annual_Report_2024.pdf | page 92,data/raw_pdfs/airbus/Airbus_Annual_Report_2024.pdf,https://www.airbus.com/sites/g/files/jlcbta136/files/2025-04/Airbus%20Annual%20Report%202024.pdf
airbus::Airbus_Annual_Report_2024::0229,Airbus,annual_report,2024,Airbus_Annual_Report_2024.pdf,229,92,92,3.1.2 Business and operations-,373,311,2132,Airbus | Airbus_Annual_Report_2024.pdf | page 92,data/raw_pdfs/airbus/Airbus_Annual_Report_2024.pdf,https://www.airbus.com/sites/g/files/jlcbta136/files/2025-04/Airbus%20Annual%20Report%202024.pdf
airbus::Airbus_Annual_Report_2024::0230,Airbus,annual_report,2024,Airbus_Annual_Report_2024.pdf,230,92,93,3.1.2 Business and operations-,482,407,2907,Airbus | Airbus_Annual_Report_2024.pdf | pages 92-93,data/raw_pdfs/airbus/Airbus_Annual_Report_2024.pdf,https://www.airbus.com/sites/g/files/jlcbta136/files/2025-04/Airbus%20Annual%20Report%202024.pdf
airbus::Airbus_Annual_Report_2024::0231,Airbus,annual_report,2024,Airbus_Annual_Report_2024.pdf,231,93,93,3.1.2 Business and operations-,318,264,1896,Airbus | Airbus_Annual_Report_2024.pdf | page 93,data/raw_pdfs/airbus/Airbus_Annual_Report_2024.pdf,https://www.airbus.com/sites/g/files/jlcbta136/files/2025-04/Airbus%20Annual%20Report%202024.pdf
airbus::Airbus_Annual_Report_2024::0232,Airbus,annual_report,2024,Airbus_Annual_Report_2024.pdf,232,93,93,3.1.2 Business and operations-,404,345,2365,Airbus | Airbus_Annual_Report_2024.pdf | page 93,data/raw_pdfs/airbus/Airbus_Annual_Report_2024.pdf,https://www.airbus.com/sites/g/files/jlcbta136/files/2025-04/Airbus%20Annual%20Report%202024.pdf
airbus::Airbus_Annual_Report_2024::0233,Airbus,annual_report,2024,Airbus_Annual_Report_2024.pdf,233,93,93,3.1.2 Business and operations-,308,260,1730,Airbus | Airbus_Annual_Report_2024.pdf | page 93,data/raw_pdfs/airbus/Airbus_Annual_Report_2024.pdf,https://www.airbus.com/sites/g/files/jlcbta136/files/2025-04/Airbus%20Annual%20Report%202024.pdf
airbus::Airbus_Annual_Report_2024::0234,Airbus,annual_report,2024,Airbus_Annual_Report_2024.pdf,234,93,93,3.1.2 Business and operations-,443,368,2537,Airbus | Airbus_Annual_Report_2024.pdf | page 93,data/raw_pdfs/airbus/Airbus_Annual_Report_2024.pdf,https://www.airbus.com/sites/g/files/jlcbta136/files/2025-04/Airbus%20Annual%20Report%202024.pdf
airbus::Airbus_Annual_Report_2024::0235,Airbus,annual_report,2024,Airbus_Annual_Report_2024.pdf,235,93,94,3.1.2 Business and operations-,401,343,2260,Airbus | Airbus_Annual_Report_2024.pdf | pages 93-94,data/raw_pdfs/airbus/Airbus_Annual_Report_2024.pdf,https://www.airbus.com/sites/g/files/jlcbta136/files/2025-04/Airbus%20Annual%20Report%202024.pdf
airbus::Airbus_Annual_Report_2024::0236,Airbus,annual_report,2024,Airbus_Annual_Report_2024.pdf,236,93,94,3.1.2 Business and operations-,448,380,2638,Airbus | Airbus_Annual_Report_2024.pdf | pages 93-94,data/raw_pdfs/airbus/Airbus_Annual_Report_2024.pdf,https://www.airbus.com/sites/g/files/jlcbta136/files/2025-04/Airbus%20Annual%20Report%202024.pdf
airbus::Airbus_Annual_Report_2024::0237,Airbus,annual_report,2024,Airbus_Annual_Report_2024.pdf,237,94,94,3.1.2 Business and operations-,384,338,2287,Airbus | Airbus_Annual_Report_2024.pdf | page 94,data/raw_pdfs/airbus/Airbus_Annual_Report_2024.pdf,https://www.airbus.com/sites/g/files/jlcbta136/files/2025-04/Airbus%20Annual%20Report%202024.pdf
airbus::Airbus_Annual_Report_2024::0238,Airbus,annual_report,2024,Airbus_Annual_Report_2024.pdf,238,94,94,3.1.2 Business and operations-,342,291,2156,Airbus | Airbus_Annual_Report_2024.pdf | page 94,data/raw_pdfs/airbus/Airbus_Annual_Report_2024.pdf,https://www.airbus.com/sites/g/files/jlcbta136/files/2025-04/Airbus%20Annual%20Report%202024.pdf
airbus::Airbus_Annual_Report_2024::0239,Airbus,annual_report,2024,Airbus_Annual_Report_2024.pdf,239,94,94,3.1.2 Business and operations-,489,418,3015,Airbus | Airbus_Annual_Report_2024.pdf | page 94,data/raw_pdfs/airbus/Airbus_Annual_Report_2024.pdf,https://www.airbus.com/sites/g/files/jlcbta136/files/2025-04/Airbus%20Annual%20Report%202024.pdf
airbus::Airbus_Annual_Report_2024::0240,Airbus,annual_report,2024,Airbus_Annual_Report_2024.pdf,240,94,95,3.1.2 Business and operations-,492,424,2910,Airbus | Airbus_Annual_Report_2024.pdf | pages 94-95,data/raw_pdfs/airbus/Airbus_Annual_Report_2024.pdf,https://www.airbus.com/sites/g/files/jlcbta136/files/2025-04/Airbus%20Annual%20Report%202024.pdf
airbus::Airbus_Annual_Report_2024::0241,Airbus,annual_report,2024,Airbus_Annual_Report_2024.pdf,241,95,95,"3.1.3 Legal, regulatory and",391,332,2172,Airbus | Airbus_Annual_Report_2024.pdf | page 95,data/raw_pdfs/airbus/Airbus_Annual_Report_2024.pdf,https://www.airbus.com/sites/g/files/jlcbta136/files/2025-04/Airbus%20Annual%20Report%202024.pdf
airbus::Airbus_Annual_Report_2024::0242,Airbus,annual_report,2024,Airbus_Annual_Report_2024.pdf,242,95,95,"3.1.3 Legal, regulatory and",317,277,1890,Airbus | Airbus_Annual_Report_2024.pdf | page 95,data/raw_pdfs/airbus/Airbus_Annual_Report_2024.pdf,https://www.airbus.com/sites/g/files/jlcbta136/files/2025-04/Airbus%20Annual%20Report%202024.pdf
airbus::Airbus_Annual_Report_2024::0243,Airbus,annual_report,2024,Airbus_Annual_Report_2024.pdf,243,95,95,"3.1.3 Legal, regulatory and",348,304,2093,Airbus | Airbus_Annual_Report_2024.pdf | page 95,data/raw_pdfs/airbus/Airbus_Annual_Report_2024.pdf,https://www.airbus.com/sites/g/files/jlcbta136/files/2025-04/Airbus%20Annual%20Report%202024.pdf
airbus::Airbus_Annual_Report_2024::0244,Airbus,annual_report,2024,Airbus_Annual_Report_2024.pdf,244,95,95,"3.1.3 Legal, regulatory and",411,360,2441,Airbus | Airbus_Annual_Report_2024.pdf | page 95,data/raw_pdfs/airbus/Airbus_Annual_Report_2024.pdf,https://www.airbus.com/sites/g/files/jlcbta136/files/2025-04/Airbus%20Annual%20Report%202024.pdf
airbus::Airbus_Annual_Report_2024::0245,Airbus,annual_report,2024,Airbus_Annual_Report_2024.pdf,245,95,95,"3.1.3 Legal, regulatory and",385,338,2276,Airbus | Airbus_Annual_Report_2024.pdf | page 95,data/raw_pdfs/airbus/Airbus_Annual_Report_2024.pdf,https://www.airbus.com/sites/g/files/jlcbta136/files/2025-04/Airbus%20Annual%20Report%202024.pdf
airbus::Airbus_Annual_Report_2024::0246,Airbus,annual_report,2024,Airbus_Annual_Report_2024.pdf,246,95,96,"3.1.3 Legal, regulatory and",439,373,2567,Airbus | Airbus_Annual_Report_2024.pdf | pages 95-96,data/raw_pdfs/airbus/Airbus_Annual_Report_2024.pdf,https://www.airbus.com/sites/g/files/jlcbta136/files/2025-04/Airbus%20Annual%20Report%202024.pdf
airbus::Airbus_Annual_Report_2024::0247,Airbus,annual_report,2024,Airbus_Annual_Report_2024.pdf,247,95,96,"3.1.3 Legal, regulatory and",483,409,2795,Airbus | Airbus_Annual_Report_2024.pdf | pages 95-96,data/raw_pdfs/airbus/Airbus_Annual_Report_2024.pdf,https://www.airbus.com/sites/g/files/jlcbta136/files/2025-04/Airbus%20Annual%20Report%202024.pdf
airbus::Airbus_Annual_Report_2024::0248,Airbus,annual_report,2024,Airbus_Annual_Report_2024.pdf,248,96,96,"3.1.3 Legal, regulatory and",237,205,1380,Airbus | Airbus_Annual_Report_2024.pdf | page 96,data/raw_pdfs/airbus/Airbus_Annual_Report_2024.pdf,https://www.airbus.com/sites/g/files/jlcbta136/files/2025-04/Airbus%20Annual%20Report%202024.pdf
airbus::Airbus_Annual_Report_2024::0249,Airbus,annual_report,2024,Airbus_Annual_Report_2024.pdf,249,96,96,"3.1.3 Legal, regulatory and",272,229,1482,Airbus | Airbus_Annual_Report_2024.pdf | page 96,data/raw_pdfs/airbus/Airbus_Annual_Report_2024.pdf,https://www.airbus.com/sites/g/files/jlcbta136/files/2025-04/Airbus%20Annual%20Report%202024.pdf
airbus::Airbus_Annual_Report_2024::0250,Airbus,annual_report,2024,Airbus_Annual_Report_2024.pdf,250,96,96,"3.1.3 Legal, regulatory and",311,274,1702,Airbus | Airbus_Annual_Report_2024.pdf | page 96,data/raw_pdfs/airbus/Airbus_Annual_Report_2024.pdf,https://www.airbus.com/sites/g/files/jlcbta136/files/2025-04/Airbus%20Annual%20Report%202024.pdf
airbus::Airbus_Annual_Report_2024::0251,Airbus,annual_report,2024,Airbus_Annual_Report_2024.pdf,251,96,97,"3.1.3 Legal, regulatory and",477,406,2750,Airbus | Airbus_Annual_Report_2024.pdf | pages 96-97,data/raw_pdfs/airbus/Airbus_Annual_Report_2024.pdf,https://www.airbus.com/sites/g/files/jlcbta136/files/2025-04/Airbus%20Annual%20Report%202024.pdf
airbus::Airbus_Annual_Report_2024::0252,Airbus,annual_report,2024,Airbus_Annual_Report_2024.pdf,252,96,97,"3.1.3 Legal, regulatory and",418,348,2403,Airbus | Airbus_Annual_Report_2024.pdf | pages 96-97,data/raw_pdfs/airbus/Airbus_Annual_Report_2024.pdf,https://www.airbus.com/sites/g/files/jlcbta136/files/2025-04/Airbus%20Annual%20Report%202024.pdf
airbus::Airbus_Annual_Report_2024::0253,Airbus,annual_report,2024,Airbus_Annual_Report_2024.pdf,253,97,97,"3.1.4 Environment, human rights, and",484,406,2652,Airbus | Airbus_Annual_Report_2024.pdf | page 97,data/raw_pdfs/airbus/Airbus_Annual_Report_2024.pdf,https://www.airbus.com/sites/g/files/jlcbta136/files/2025-04/Airbus%20Annual%20Report%202024.pdf
airbus::Airbus_Annual_Report_2024::0254,Airbus,annual_report,2024,Airbus_Annual_Report_2024.pdf,254,97,97,"3.1.4 Environment, human rights, and",431,377,2510,Airbus | Airbus_Annual_Report_2024.pdf | page 97,data/raw_pdfs/airbus/Airbus_Annual_Report_2024.pdf,https://www.airbus.com/sites/g/files/jlcbta136/files/2025-04/Airbus%20Annual%20Report%202024.pdf
airbus::Airbus_Annual_Report_2024::0255,Airbus,annual_report,2024,Airbus_Annual_Report_2024.pdf,255,97,97,"3.1.4 Environment, human rights, and",447,393,2740,Airbus | Airbus_Annual_Report_2024.pdf | page 97,data/raw_pdfs/airbus/Airbus_Annual_Report_2024.pdf,https://www.airbus.com/sites/g/files/jlcbta136/files/2025-04/Airbus%20Annual%20Report%202024.pdf
airbus::Airbus_Annual_Report_2024::0256,Airbus,annual_report,2024,Airbus_Annual_Report_2024.pdf,256,97,98,"3.1.4 Environment, human rights, and",390,335,2389,Airbus | Airbus_Annual_Report_2024.pdf | pages 97-98,data/raw_pdfs/airbus/Airbus_Annual_Report_2024.pdf,https://www.airbus.com/sites/g/files/jlcbta136/files/2025-04/Airbus%20Annual%20Report%202024.pdf
airbus::Airbus_Annual_Report_2024::0257,Airbus,annual_report,2024,Airbus_Annual_Report_2024.pdf,257,98,98,"3.1.4 Environment, human rights, and",451,384,2619,Airbus | Airbus_Annual_Report_2024.pdf | page 98,data/raw_pdfs/airbus/Airbus_Annual_Report_2024.pdf,https://www.airbus.com/sites/g/files/jlcbta136/files/2025-04/Airbus%20Annual%20Report%202024.pdf
airbus::Airbus_Annual_Report_2024::0258,Airbus,annual_report,2024,Airbus_Annual_Report_2024.pdf,258,98,98,"3.1.4 Environment, human rights, and",497,399,2776,Airbus | Airbus_Annual_Report_2024.pdf | page 98,data/raw_pdfs/airbus/Airbus_Annual_Report_2024.pdf,https://www.airbus.com/sites/g/files/jlcbta136/files/2025-04/Airbus%20Annual%20Report%202024.pdf
airbus::Airbus_Annual_Report_2024::0259,Airbus,annual_report,2024,Airbus_Annual_Report_2024.pdf,259,98,99,"3.1.4 Environment, human rights, and",482,413,2531,Airbus | Airbus_Annual_Report_2024.pdf | pages 98-99,data/raw_pdfs/airbus/Airbus_Annual_Report_2024.pdf,https://www.airbus.com/sites/g/files/jlcbta136/files/2025-04/Airbus%20Annual%20Report%202024.pdf
airbus::Airbus_Annual_Report_2024::0260,Airbus,annual_report,2024,Airbus_Annual_Report_2024.pdf,260,99,99,"3.1.4 Environment, human rights, and",262,233,1562,Airbus | Airbus_Annual_Report_2024.pdf | page 99,data/raw_pdfs/airbus/Airbus_Annual_Report_2024.pdf,https://www.airbus.com/sites/g/files/jlcbta136/files/2025-04/Airbus%20Annual%20Report%202024.pdf
airbus::Airbus_Annual_Report_2024::0261,Airbus,annual_report,2024,Airbus_Annual_Report_2024.pdf,261,99,100,"3.1.4 Environment, human rights, and",412,362,2462,Airbus | Airbus_Annual_Report_2024.pdf | pages 99-100,data/raw_pdfs/airbus/Airbus_Annual_Report_2024.pdf,https://www.airbus.com/sites/g/files/jlcbta136/files/2025-04/Airbus%20Annual%20Report%202024.pdf
airbus::Airbus_Annual_Report_2024::0262,Airbus,annual_report,2024,Airbus_Annual_Report_2024.pdf,262,100,100,3.2 Enterprise Risk Management System,481,393,2708,Airbus | Airbus_Annual_Report_2024.pdf | page 100,data/raw_pdfs/airbus/Airbus_Annual_Report_2024.pdf,https://www.airbus.com/sites/g/files/jlcbta136/files/2025-04/Airbus%20Annual%20Report%202024.pdf
airbus::Airbus_Annual_Report_2024::0263,Airbus,annual_report,2024,Airbus_Annual_Report_2024.pdf,263,100,100,3.2 Enterprise Risk Management System,433,348,2343,Airbus | Airbus_Annual_Report_2024.pdf | page 100,data/raw_pdfs/airbus/Airbus_Annual_Report_2024.pdf,https://www.airbus.com/sites/g/files/jlcbta136/files/2025-04/Airbus%20Annual%20Report%202024.pdf
airbus::Airbus_Annual_Report_2024::0264,Airbus,annual_report,2024,Airbus_Annual_Report_2024.pdf,264,100,101,3.2 Enterprise Risk Management System,477,382,2660,Airbus | Airbus_Annual_Report_2024.pdf | pages 100-101,data/raw_pdfs/airbus/Airbus_Annual_Report_2024.pdf,https://www.airbus.com/sites/g/files/jlcbta136/files/2025-04/Airbus%20Annual%20Report%202024.pdf
airbus::Airbus_Annual_Report_2024::0265,Airbus,annual_report,2024,Airbus_Annual_Report_2024.pdf,265,101,101,3.2.3 ERM effectiveness,495,425,2831,Airbus | Airbus_Annual_Report_2024.pdf | page 101,data/raw_pdfs/airbus/Airbus_Annual_Report_2024.pdf,https://www.airbus.com/sites/g/files/jlcbta136/files/2025-04/Airbus%20Annual%20Report%202024.pdf
airbus::Airbus_Annual_Report_2024::0266,Airbus,annual_report,2024,Airbus_Annual_Report_2024.pdf,266,101,102,3.2.3 ERM effectiveness,433,364,2557,Airbus | Airbus_Annual_Report_2024.pdf | pages 101-102,data/raw_pdfs/airbus/Airbus_Annual_Report_2024.pdf,https://www.airbus.com/sites/g/files/jlcbta136/files/2025-04/Airbus%20Annual%20Report%202024.pdf
airbus::Airbus_Annual_Report_2024::0267,Airbus,annual_report,2024,Airbus_Annual_Report_2024.pdf,267,102,103,3.3 Insurance,396,340,2340,Airbus | Airbus_Annual_Report_2024.pdf | pages 102-103,data/raw_pdfs/airbus/Airbus_Annual_Report_2024.pdf,https://www.airbus.com/sites/g/files/jlcbta136/files/2025-04/Airbus%20Annual%20Report%202024.pdf
airbus::Airbus_Annual_Report_2024::0268,Airbus,annual_report,2024,Airbus_Annual_Report_2024.pdf,268,102,103,3.3 Insurance,302,259,1770,Airbus | Airbus_Annual_Report_2024.pdf | pages 102-103,data/raw_pdfs/airbus/Airbus_Annual_Report_2024.pdf,https://www.airbus.com/sites/g/files/jlcbta136/files/2025-04/Airbus%20Annual%20Report%202024.pdf
airbus::Airbus_Annual_Report_2024::0269,Airbus,annual_report,2024,Airbus_Annual_Report_2024.pdf,269,103,106,3.4 Internal Control,498,412,2850,Airbus | Airbus_Annual_Report_2024.pdf | pages 103-106,data/raw_pdfs/airbus/Airbus_Annual_Report_2024.pdf,https://www.airbus.com/sites/g/files/jlcbta136/files/2025-04/Airbus%20Annual%20Report%202024.pdf
airbus::Airbus_Annual_Report_2024::0270,Airbus,annual_report,2024,Airbus_Annual_Report_2024.pdf,270,104,107,3.5 Internal Audit,500,401,2510,Airbus | Airbus_Annual_Report_2024.pdf | pages 104-107,data/raw_pdfs/airbus/Airbus_Annual_Report_2024.pdf,https://www.airbus.com/sites/g/files/jlcbta136/files/2025-04/Airbus%20Annual%20Report%202024.pdf
airbus::Airbus_Annual_Report_2024::0271,Airbus,annual_report,2024,Airbus_Annual_Report_2024.pdf,271,107,107,4.1 Description of the Share Capital,376,319,1853,Airbus | Airbus_Annual_Report_2024.pdf | page 107,data/raw_pdfs/airbus/Airbus_Annual_Report_2024.pdf,https://www.airbus.com/sites/g/files/jlcbta136/files/2025-04/Airbus%20Annual%20Report%202024.pdf
airbus::Airbus_Annual_Report_2024::0272,Airbus,annual_report,2024,Airbus_Annual_Report_2024.pdf,272,107,107,4.1 Description of the Share Capital,489,404,2502,Airbus | Airbus_Annual_Report_2024.pdf | page 107,data/raw_pdfs/airbus/Airbus_Annual_Report_2024.pdf,https://www.airbus.com/sites/g/files/jlcbta136/files/2025-04/Airbus%20Annual%20Report%202024.pdf
airbus::Airbus_Annual_Report_2024::0273,Airbus,annual_report,2024,Airbus_Annual_Report_2024.pdf,273,107,107,4.1 Description of the Share Capital,474,402,2486,Airbus | Airbus_Annual_Report_2024.pdf | page 107,data/raw_pdfs/airbus/Airbus_Annual_Report_2024.pdf,https://www.airbus.com/sites/g/files/jlcbta136/files/2025-04/Airbus%20Annual%20Report%202024.pdf
airbus::Airbus_Annual_Report_2024::0274,Airbus,annual_report,2024,Airbus_Annual_Report_2024.pdf,274,107,108,4.1 Description of the Share Capital,491,366,2263,Airbus | Airbus_Annual_Report_2024.pdf | pages 107-108,data/raw_pdfs/airbus/Airbus_Annual_Report_2024.pdf,https://www.airbus.com/sites/g/files/jlcbta136/files/2025-04/Airbus%20Annual%20Report%202024.pdf
airbus::Airbus_Annual_Report_2024::0275,Airbus,annual_report,2024,Airbus_Annual_Report_2024.pdf,275,108,109,4.2 Shareholding and Voting Rights,485,380,2363,Airbus | Airbus_Annual_Report_2024.pdf | pages 108-109,data/raw_pdfs/airbus/Airbus_Annual_Report_2024.pdf,https://www.airbus.com/sites/g/files/jlcbta136/files/2025-04/Airbus%20Annual%20Report%202024.pdf
airbus::Airbus_Annual_Report_2024::0276,Airbus,annual_report,2024,Airbus_Annual_Report_2024.pdf,276,109,109,4.2.2 Right to attend shareholders’,488,444,2634,Airbus | Airbus_Annual_Report_2024.pdf | page 109,data/raw_pdfs/airbus/Airbus_Annual_Report_2024.pdf,https://www.airbus.com/sites/g/files/jlcbta136/files/2025-04/Airbus%20Annual%20Report%202024.pdf
airbus::Airbus_Annual_Report_2024::0277,Airbus,annual_report,2024,Airbus_Annual_Report_2024.pdf,277,109,109,4.2.2 Right to attend shareholders’,289,248,1559,Airbus | Airbus_Annual_Report_2024.pdf | page 109,data/raw_pdfs/airbus/Airbus_Annual_Report_2024.pdf,https://www.airbus.com/sites/g/files/jlcbta136/files/2025-04/Airbus%20Annual%20Report%202024.pdf
airbus::Airbus_Annual_Report_2024::0278,Airbus,annual_report,2024,Airbus_Annual_Report_2024.pdf,278,109,109,4.2.2 Right to attend shareholders’,481,414,2560,Airbus | Airbus_Annual_Report_2024.pdf | page 109,data/raw_pdfs/airbus/Airbus_Annual_Report_2024.pdf,https://www.airbus.com/sites/g/files/jlcbta136/files/2025-04/Airbus%20Annual%20Report%202024.pdf
airbus::Airbus_Annual_Report_2024::0279,Airbus,annual_report,2024,Airbus_Annual_Report_2024.pdf,279,109,109,4.2.2 Right to attend shareholders’,447,392,2384,Airbus | Airbus_Annual_Report_2024.pdf | page 109,data/raw_pdfs/airbus/Airbus_Annual_Report_2024.pdf,https://www.airbus.com/sites/g/files/jlcbta136/files/2025-04/Airbus%20Annual%20Report%202024.pdf
airbus::Airbus_Annual_Report_2024::0280,Airbus,annual_report,2024,Airbus_Annual_Report_2024.pdf,280,109,110,4.2.2 Right to attend shareholders’,473,418,2497,Airbus | Airbus_Annual_Report_2024.pdf | pages 109-110,data/raw_pdfs/airbus/Airbus_Annual_Report_2024.pdf,https://www.airbus.com/sites/g/files/jlcbta136/files/2025-04/Airbus%20Annual%20Report%202024.pdf
airbus::Airbus_Annual_Report_2024::0281,Airbus,annual_report,2024,Airbus_Annual_Report_2024.pdf,281,110,110,4.2.3 Disclosure of Holdings,291,264,1613,Airbus | Airbus_Annual_Report_2024.pdf | page 110,data/raw_pdfs/airbus/Airbus_Annual_Report_2024.pdf,https://www.airbus.com/sites/g/files/jlcbta136/files/2025-04/Airbus%20Annual%20Report%202024.pdf
airbus::Airbus_Annual_Report_2024::0282,Airbus,annual_report,2024,Airbus_Annual_Report_2024.pdf,282,110,110,4.2.3 Disclosure of Holdings,495,417,2580,Airbus | Airbus_Annual_Report_2024.pdf | page 110,data/raw_pdfs/airbus/Airbus_Annual_Report_2024.pdf,https://www.airbus.com/sites/g/files/jlcbta136/files/2025-04/Airbus%20Annual%20Report%202024.pdf
airbus::Airbus_Annual_Report_2024::0283,Airbus,annual_report,2024,Airbus_Annual_Report_2024.pdf,283,110,110,4.2.3 Disclosure of Holdings,472,378,2292,Airbus | Airbus_Annual_Report_2024.pdf | page 110,data/raw_pdfs/airbus/Airbus_Annual_Report_2024.pdf,https://www.airbus.com/sites/g/files/jlcbta136/files/2025-04/Airbus%20Annual%20Report%202024.pdf
airbus::Airbus_Annual_Report_2024::0284,Airbus,annual_report,2024,Airbus_Annual_Report_2024.pdf,284,110,110,4.2.3 Disclosure of Holdings,490,401,2454,Airbus | Airbus_Annual_Report_2024.pdf | page 110,data/raw_pdfs/airbus/Airbus_Annual_Report_2024.pdf,https://www.airbus.com/sites/g/files/jlcbta136/files/2025-04/Airbus%20Annual%20Report%202024.pdf
airbus::Airbus_Annual_Report_2024::0285,Airbus,annual_report,2024,Airbus_Annual_Report_2024.pdf,285,110,111,4.2.3 Disclosure of Holdings,499,424,2708,Airbus | Airbus_Annual_Report_2024.pdf | pages 110-111,data/raw_pdfs/airbus/Airbus_Annual_Report_2024.pdf,https://www.airbus.com/sites/g/files/jlcbta136/files/2025-04/Airbus%20Annual%20Report%202024.pdf
airbus::Airbus_Annual_Report_2024::0286,Airbus,annual_report,2024,Airbus_Annual_Report_2024.pdf,286,111,111,4.2.4 Mandatory disposal,477,406,2721,Airbus | Airbus_Annual_Report_2024.pdf | page 111,data/raw_pdfs/airbus/Airbus_Annual_Report_2024.pdf,https://www.airbus.com/sites/g/files/jlcbta136/files/2025-04/Airbus%20Annual%20Report%202024.pdf
airbus::Airbus_Annual_Report_2024::0287,Airbus,annual_report,2024,Airbus_Annual_Report_2024.pdf,287,111,111,4.2.4 Mandatory disposal,406,345,2212,Airbus | Airbus_Annual_Report_2024.pdf | page 111,data/raw_pdfs/airbus/Airbus_Annual_Report_2024.pdf,https://www.airbus.com/sites/g/files/jlcbta136/files/2025-04/Airbus%20Annual%20Report%202024.pdf
airbus::Airbus_Annual_Report_2024::0288,Airbus,annual_report,2024,Airbus_Annual_Report_2024.pdf,288,111,111,4.2.4 Mandatory disposal,496,439,2702,Airbus | Airbus_Annual_Report_2024.pdf | page 111,data/raw_pdfs/airbus/Airbus_Annual_Report_2024.pdf,https://www.airbus.com/sites/g/files/jlcbta136/files/2025-04/Airbus%20Annual%20Report%202024.pdf
airbus::Airbus_Annual_Report_2024::0289,Airbus,annual_report,2024,Airbus_Annual_Report_2024.pdf,289,111,112,4.2.4 Mandatory disposal,492,428,2655,Airbus | Airbus_Annual_Report_2024.pdf | pages 111-112,data/raw_pdfs/airbus/Airbus_Annual_Report_2024.pdf,https://www.airbus.com/sites/g/files/jlcbta136/files/2025-04/Airbus%20Annual%20Report%202024.pdf
airbus::Airbus_Annual_Report_2024::0290,Airbus,annual_report,2024,Airbus_Annual_Report_2024.pdf,290,112,112,4.2.4.2 Exemptions from mandatory,438,362,2231,Airbus | Airbus_Annual_Report_2024.pdf | page 112,data/raw_pdfs/airbus/Airbus_Annual_Report_2024.pdf,https://www.airbus.com/sites/g/files/jlcbta136/files/2025-04/Airbus%20Annual%20Report%202024.pdf
airbus::Airbus_Annual_Report_2024::0291,Airbus,annual_report,2024,Airbus_Annual_Report_2024.pdf,291,112,112,4.2.4.2 Exemptions from mandatory,458,383,2382,Airbus | Airbus_Annual_Report_2024.pdf | page 112,data/raw_pdfs/airbus/Airbus_Annual_Report_2024.pdf,https://www.airbus.com/sites/g/files/jlcbta136/files/2025-04/Airbus%20Annual%20Report%202024.pdf
airbus::Airbus_Annual_Report_2024::0292,Airbus,annual_report,2024,Airbus_Annual_Report_2024.pdf,292,112,113,4.2.4.2 Exemptions from mandatory,477,412,2650,Airbus | Airbus_Annual_Report_2024.pdf | pages 112-113,data/raw_pdfs/airbus/Airbus_Annual_Report_2024.pdf,https://www.airbus.com/sites/g/files/jlcbta136/files/2025-04/Airbus%20Annual%20Report%202024.pdf
airbus::Airbus_Annual_Report_2024::0293,Airbus,annual_report,2024,Airbus_Annual_Report_2024.pdf,293,113,113,4.2.4.2 Exemptions from mandatory,383,329,2117,Airbus | Airbus_Annual_Report_2024.pdf | page 113,data/raw_pdfs/airbus/Airbus_Annual_Report_2024.pdf,https://www.airbus.com/sites/g/files/jlcbta136/files/2025-04/Airbus%20Annual%20Report%202024.pdf
airbus::Airbus_Annual_Report_2024::0294,Airbus,annual_report,2024,Airbus_Annual_Report_2024.pdf,294,113,113,4.2.4.2 Exemptions from mandatory,476,426,2644,Airbus | Airbus_Annual_Report_2024.pdf | page 113,data/raw_pdfs/airbus/Airbus_Annual_Report_2024.pdf,https://www.airbus.com/sites/g/files/jlcbta136/files/2025-04/Airbus%20Annual%20Report%202024.pdf
airbus::Airbus_Annual_Report_2024::0295,Airbus,annual_report,2024,Airbus_Annual_Report_2024.pdf,295,113,113,4.2.4.2 Exemptions from mandatory,435,390,2493,Airbus | Airbus_Annual_Report_2024.pdf | page 113,data/raw_pdfs/airbus/Airbus_Annual_Report_2024.pdf,https://www.airbus.com/sites/g/files/jlcbta136/files/2025-04/Airbus%20Annual%20Report%202024.pdf
airbus::Airbus_Annual_Report_2024::0296,Airbus,annual_report,2024,Airbus_Annual_Report_2024.pdf,296,113,114,4.2.4.2 Exemptions from mandatory,485,426,2691,Airbus | Airbus_Annual_Report_2024.pdf | pages 113-114,data/raw_pdfs/airbus/Airbus_Annual_Report_2024.pdf,https://www.airbus.com/sites/g/files/jlcbta136/files/2025-04/Airbus%20Annual%20Report%202024.pdf
airbus::Airbus_Annual_Report_2024::0297,Airbus,annual_report,2024,Airbus_Annual_Report_2024.pdf,297,114,114,4.2.7.2 Undertakings with respect to interests of,472,418,2594,Airbus | Airbus_Annual_Report_2024.pdf | page 114,data/raw_pdfs/airbus/Airbus_Annual_Report_2024.pdf,https://www.airbus.com/sites/g/files/jlcbta136/files/2025-04/Airbus%20Annual%20Report%202024.pdf
airbus::Airbus_Annual_Report_2024::0298,Airbus,annual_report,2024,Airbus_Annual_Report_2024.pdf,298,114,114,4.2.7.2 Undertakings with respect to interests of,442,383,2337,Airbus | Airbus_Annual_Report_2024.pdf | page 114,data/raw_pdfs/airbus/Airbus_Annual_Report_2024.pdf,https://www.airbus.com/sites/g/files/jlcbta136/files/2025-04/Airbus%20Annual%20Report%202024.pdf
airbus::Airbus_Annual_Report_2024::0299,Airbus,annual_report,2024,Airbus_Annual_Report_2024.pdf,299,114,115,4.2.7.2 Undertakings with respect to interests of,467,398,2413,Airbus | Airbus_Annual_Report_2024.pdf | pages 114-115,data/raw_pdfs/airbus/Airbus_Annual_Report_2024.pdf,https://www.airbus.com/sites/g/files/jlcbta136/files/2025-04/Airbus%20Annual%20Report%202024.pdf
airbus::Airbus_Annual_Report_2024::0300,Airbus,annual_report,2024,Airbus_Annual_Report_2024.pdf,300,114,115,4.2.7.2 Undertakings with respect to interests of,369,323,2005,Airbus | Airbus_Annual_Report_2024.pdf | pages 114-115,data/raw_pdfs/airbus/Airbus_Annual_Report_2024.pdf,https://www.airbus.com/sites/g/files/jlcbta136/files/2025-04/Airbus%20Annual%20Report%202024.pdf
airbus::Airbus_Annual_Report_2024::0301,Airbus,annual_report,2024,Airbus_Annual_Report_2024.pdf,301,115,115,4.2.8 Purchase by the Company of its,499,428,2675,Airbus | Airbus_Annual_Report_2024.pdf | page 115,data/raw_pdfs/airbus/Airbus_Annual_Report_2024.pdf,https://www.airbus.com/sites/g/files/jlcbta136/files/2025-04/Airbus%20Annual%20Report%202024.pdf
airbus::Airbus_Annual_Report_2024::0302,Airbus,annual_report,2024,Airbus_Annual_Report_2024.pdf,302,115,115,4.2.8 Purchase by the Company of its,477,401,2556,Airbus | Airbus_Annual_Report_2024.pdf | page 115,data/raw_pdfs/airbus/Airbus_Annual_Report_2024.pdf,https://www.airbus.com/sites/g/files/jlcbta136/files/2025-04/Airbus%20Annual%20Report%202024.pdf
airbus::Airbus_Annual_Report_2024::0303,Airbus,annual_report,2024,Airbus_Annual_Report_2024.pdf,303,115,117,4.2.8 Purchase by the Company of its,474,374,2374,Airbus | Airbus_Annual_Report_2024.pdf | pages 115-117,data/raw_pdfs/airbus/Airbus_Annual_Report_2024.pdf,https://www.airbus.com/sites/g/files/jlcbta136/files/2025-04/Airbus%20Annual%20Report%202024.pdf
airbus::Airbus_Annual_Report_2024::0304,Airbus,annual_report,2024,Airbus_Annual_Report_2024.pdf,304,116,117,4.2.8.4 German Regulations,426,332,2139,Airbus | Airbus_Annual_Report_2024.pdf | pages 116-117,data/raw_pdfs/airbus/Airbus_Annual_Report_2024.pdf,https://www.airbus.com/sites/g/files/jlcbta136/files/2025-04/Airbus%20Annual%20Report%202024.pdf
airbus::Airbus_Annual_Report_2024::0305,Airbus,annual_report,2024,Airbus_Annual_Report_2024.pdf,305,117,117,4.3 Share Price Performance 2024,403,336,2164,Airbus | Airbus_Annual_Report_2024.pdf | page 117,data/raw_pdfs/airbus/Airbus_Annual_Report_2024.pdf,https://www.airbus.com/sites/g/files/jlcbta136/files/2025-04/Airbus%20Annual%20Report%202024.pdf
airbus::Airbus_Annual_Report_2024::0306,Airbus,annual_report,2024,Airbus_Annual_Report_2024.pdf,306,117,118,4.3 Share Price Performance 2024,474,396,2560,Airbus | Airbus_Annual_Report_2024.pdf | pages 117-118,data/raw_pdfs/airbus/Airbus_Annual_Report_2024.pdf,https://www.airbus.com/sites/g/files/jlcbta136/files/2025-04/Airbus%20Annual%20Report%202024.pdf
airbus::Airbus_Annual_Report_2024::0307,Airbus,annual_report,2024,Airbus_Annual_Report_2024.pdf,307,118,119,4.4 Dividends,449,379,2288,Airbus | Airbus_Annual_Report_2024.pdf | pages 118-119,data/raw_pdfs/airbus/Airbus_Annual_Report_2024.pdf,https://www.airbus.com/sites/g/files/jlcbta136/files/2025-04/Airbus%20Annual%20Report%202024.pdf
airbus::Airbus_Annual_Report_2024::0308,Airbus,annual_report,2024,Airbus_Annual_Report_2024.pdf,308,119,119,4.5 Taxation,452,377,2290,Airbus | Airbus_Annual_Report_2024.pdf | page 119,data/raw_pdfs/airbus/Airbus_Annual_Report_2024.pdf,https://www.airbus.com/sites/g/files/jlcbta136/files/2025-04/Airbus%20Annual%20Report%202024.pdf
airbus::Airbus_Annual_Report_2024::0309,Airbus,annual_report,2024,Airbus_Annual_Report_2024.pdf,309,119,119,4.5 Taxation,498,433,2743,Airbus | Airbus_Annual_Report_2024.pdf | page 119,data/raw_pdfs/airbus/Airbus_Annual_Report_2024.pdf,https://www.airbus.com/sites/g/files/jlcbta136/files/2025-04/Airbus%20Annual%20Report%202024.pdf
airbus::Airbus_Annual_Report_2024::0310,Airbus,annual_report,2024,Airbus_Annual_Report_2024.pdf,310,119,119,4.5 Taxation,387,332,2085,Airbus | Airbus_Annual_Report_2024.pdf | page 119,data/raw_pdfs/airbus/Airbus_Annual_Report_2024.pdf,https://www.airbus.com/sites/g/files/jlcbta136/files/2025-04/Airbus%20Annual%20Report%202024.pdf
airbus::Airbus_Annual_Report_2024::0311,Airbus,annual_report,2024,Airbus_Annual_Report_2024.pdf,311,119,120,4.5 Taxation,428,351,2177,Airbus | Airbus_Annual_Report_2024.pdf | pages 119-120,data/raw_pdfs/airbus/Airbus_Annual_Report_2024.pdf,https://www.airbus.com/sites/g/files/jlcbta136/files/2025-04/Airbus%20Annual%20Report%202024.pdf
airbus::Airbus_Annual_Report_2024::0312,Airbus,annual_report,2024,Airbus_Annual_Report_2024.pdf,312,119,123,4.5 Taxation,486,407,2444,Airbus | Airbus_Annual_Report_2024.pdf | pages 119-123,data/raw_pdfs/airbus/Airbus_Annual_Report_2024.pdf,https://www.airbus.com/sites/g/files/jlcbta136/files/2025-04/Airbus%20Annual%20Report%202024.pdf
airbus::Airbus_Annual_Report_2024::0313,Airbus,annual_report,2024,Airbus_Annual_Report_2024.pdf,313,122,124,Financial Information,493,377,2597,Airbus | Airbus_Annual_Report_2024.pdf | pages 122-124,data/raw_pdfs/airbus/Airbus_Annual_Report_2024.pdf,https://www.airbus.com/sites/g/files/jlcbta136/files/2025-04/Airbus%20Annual%20Report%202024.pdf
airbus::Airbus_Annual_Report_2024::0314,Airbus,annual_report,2024,Airbus_Annual_Report_2024.pdf,314,124,124,5.1 Financial Performance,499,355,2345,Airbus | Airbus_Annual_Report_2024.pdf | page 124,data/raw_pdfs/airbus/Airbus_Annual_Report_2024.pdf,https://www.airbus.com/sites/g/files/jlcbta136/files/2025-04/Airbus%20Annual%20Report%202024.pdf
airbus::Airbus_Annual_Report_2024::0315,Airbus,annual_report,2024,Airbus_Annual_Report_2024.pdf,315,124,124,5.1 Financial Performance,438,309,1955,Airbus | Airbus_Annual_Report_2024.pdf | page 124,data/raw_pdfs/airbus/Airbus_Annual_Report_2024.pdf,https://www.airbus.com/sites/g/files/jlcbta136/files/2025-04/Airbus%20Annual%20Report%202024.pdf
airbus::Airbus_Annual_Report_2024::0316,Airbus,annual_report,2024,Airbus_Annual_Report_2024.pdf,316,124,125,5.1 Financial Performance,495,398,2483,Airbus | Airbus_Annual_Report_2024.pdf | pages 124-125,data/raw_pdfs/airbus/Airbus_Annual_Report_2024.pdf,https://www.airbus.com/sites/g/files/jlcbta136/files/2025-04/Airbus%20Annual%20Report%202024.pdf
airbus::Airbus_Annual_Report_2024::0317,Airbus,annual_report,2024,Airbus_Annual_Report_2024.pdf,317,125,125,5.1 Financial Performance,407,270,1788,Airbus | Airbus_Annual_Report_2024.pdf | page 125,data/raw_pdfs/airbus/Airbus_Annual_Report_2024.pdf,https://www.airbus.com/sites/g/files/jlcbta136/files/2025-04/Airbus%20Annual%20Report%202024.pdf
airbus::Airbus_Annual_Report_2024::0318,Airbus,annual_report,2024,Airbus_Annual_Report_2024.pdf,318,125,126,5.1 Financial Performance,485,360,2216,Airbus | Airbus_Annual_Report_2024.pdf | pages 125-126,data/raw_pdfs/airbus/Airbus_Annual_Report_2024.pdf,https://www.airbus.com/sites/g/files/jlcbta136/files/2025-04/Airbus%20Annual%20Report%202024.pdf
airbus::Airbus_Annual_Report_2024::0319,Airbus,annual_report,2024,Airbus_Annual_Report_2024.pdf,319,126,127,5.1 Financial Performance,459,324,2151,Airbus | Airbus_Annual_Report_2024.pdf | pages 126-127,data/raw_pdfs/airbus/Airbus_Annual_Report_2024.pdf,https://www.airbus.com/sites/g/files/jlcbta136/files/2025-04/Airbus%20Annual%20Report%202024.pdf
airbus::Airbus_Annual_Report_2024::0320,Airbus,annual_report,2024,Airbus_Annual_Report_2024.pdf,320,127,128,5.1 Financial Performance,500,347,2249,Airbus | Airbus_Annual_Report_2024.pdf | pages 127-128,data/raw_pdfs/airbus/Airbus_Annual_Report_2024.pdf,https://www.airbus.com/sites/g/files/jlcbta136/files/2025-04/Airbus%20Annual%20Report%202024.pdf
airbus::Airbus_Annual_Report_2024::0321,Airbus,annual_report,2024,Airbus_Annual_Report_2024.pdf,321,128,131,5.2 Information on Airbus SE Auditors,435,312,2154,Airbus | Airbus_Annual_Report_2024.pdf | pages 128-131,data/raw_pdfs/airbus/Airbus_Annual_Report_2024.pdf,https://www.airbus.com/sites/g/files/jlcbta136/files/2025-04/Airbus%20Annual%20Report%202024.pdf
airbus::Airbus_Annual_Report_2024::0322,Airbus,annual_report,2024,Airbus_Annual_Report_2024.pdf,322,131,131,6.1 General Information,408,290,2062,Airbus | Airbus_Annual_Report_2024.pdf | page 131,data/raw_pdfs/airbus/Airbus_Annual_Report_2024.pdf,https://www.airbus.com/sites/g/files/jlcbta136/files/2025-04/Airbus%20Annual%20Report%202024.pdf
airbus::Airbus_Annual_Report_2024::0323,Airbus,annual_report,2024,Airbus_Annual_Report_2024.pdf,323,131,131,6.1 General Information,489,406,2789,Airbus | Airbus_Annual_Report_2024.pdf | page 131,data/raw_pdfs/airbus/Airbus_Annual_Report_2024.pdf,https://www.airbus.com/sites/g/files/jlcbta136/files/2025-04/Airbus%20Annual%20Report%202024.pdf
airbus::Airbus_Annual_Report_2024::0324,Airbus,annual_report,2024,Airbus_Annual_Report_2024.pdf,324,131,132,6.1 General Information,497,409,2803,Airbus | Airbus_Annual_Report_2024.pdf | pages 131-132,data/raw_pdfs/airbus/Airbus_Annual_Report_2024.pdf,https://www.airbus.com/sites/g/files/jlcbta136/files/2025-04/Airbus%20Annual%20Report%202024.pdf
airbus::Airbus_Annual_Report_2024::0325,Airbus,annual_report,2024,Airbus_Annual_Report_2024.pdf,325,132,133,6.1.1.2 GOV: Governance,409,309,2035,Airbus | Airbus_Annual_Report_2024.pdf | pages 132-133,data/raw_pdfs/airbus/Airbus_Annual_Report_2024.pdf,https://www.airbus.com/sites/g/files/jlcbta136/files/2025-04/Airbus%20Annual%20Report%202024.pdf
airbus::Airbus_Annual_Report_2024::0326,Airbus,annual_report,2024,Airbus_Annual_Report_2024.pdf,326,132,133,6.1.1.2 GOV: Governance,500,404,2822,Airbus | Airbus_Annual_Report_2024.pdf | pages 132-133,data/raw_pdfs/airbus/Airbus_Annual_Report_2024.pdf,https://www.airbus.com/sites/g/files/jlcbta136/files/2025-04/Airbus%20Annual%20Report%202024.pdf
airbus::Airbus_Annual_Report_2024::0327,Airbus,annual_report,2024,Airbus_Annual_Report_2024.pdf,327,133,133,6.1.1.2 GOV: Governance,483,395,2635,Airbus | Airbus_Annual_Report_2024.pdf | page 133,data/raw_pdfs/airbus/Airbus_Annual_Report_2024.pdf,https://www.airbus.com/sites/g/files/jlcbta136/files/2025-04/Airbus%20Annual%20Report%202024.pdf
airbus::Airbus_Annual_Report_2024::0328,Airbus,annual_report,2024,Airbus_Annual_Report_2024.pdf,328,133,133,6.1.1.2 GOV: Governance,318,264,1787,Airbus | Airbus_Annual_Report_2024.pdf | page 133,data/raw_pdfs/airbus/Airbus_Annual_Report_2024.pdf,https://www.airbus.com/sites/g/files/jlcbta136/files/2025-04/Airbus%20Annual%20Report%202024.pdf
airbus::Airbus_Annual_Report_2024::0329,Airbus,annual_report,2024,Airbus_Annual_Report_2024.pdf,329,133,133,6.1.1.2 GOV: Governance,364,295,2113,Airbus | Airbus_Annual_Report_2024.pdf | page 133,data/raw_pdfs/airbus/Airbus_Annual_Report_2024.pdf,https://www.airbus.com/sites/g/files/jlcbta136/files/2025-04/Airbus%20Annual%20Report%202024.pdf
airbus::Airbus_Annual_Report_2024::0330,Airbus,annual_report,2024,Airbus_Annual_Report_2024.pdf,330,133,134,6.1.1.2 GOV: Governance,500,416,2971,Airbus | Airbus_Annual_Report_2024.pdf | pages 133-134,data/raw_pdfs/airbus/Airbus_Annual_Report_2024.pdf,https://www.airbus.com/sites/g/files/jlcbta136/files/2025-04/Airbus%20Annual%20Report%202024.pdf
airbus::Airbus_Annual_Report_2024::0331,Airbus,annual_report,2024,Airbus_Annual_Report_2024.pdf,331,134,134,6.1.1.2 GOV: Governance,489,420,3165,Airbus | Airbus_Annual_Report_2024.pdf | page 134,data/raw_pdfs/airbus/Airbus_Annual_Report_2024.pdf,https://www.airbus.com/sites/g/files/jlcbta136/files/2025-04/Airbus%20Annual%20Report%202024.pdf
airbus::Airbus_Annual_Report_2024::0332,Airbus,annual_report,2024,Airbus_Annual_Report_2024.pdf,332,134,135,6.1.1.2 GOV: Governance,479,383,2855,Airbus | Airbus_Annual_Report_2024.pdf | pages 134-135,data/raw_pdfs/airbus/Airbus_Annual_Report_2024.pdf,https://www.airbus.com/sites/g/files/jlcbta136/files/2025-04/Airbus%20Annual%20Report%202024.pdf
airbus::Airbus_Annual_Report_2024::0333,Airbus,annual_report,2024,Airbus_Annual_Report_2024.pdf,333,135,135,6.1.1.2 GOV: Governance,478,337,2496,Airbus | Airbus_Annual_Report_2024.pdf | page 135,data/raw_pdfs/airbus/Airbus_Annual_Report_2024.pdf,https://www.airbus.com/sites/g/files/jlcbta136/files/2025-04/Airbus%20Annual%20Report%202024.pdf
airbus::Airbus_Annual_Report_2024::0334,Airbus,annual_report,2024,Airbus_Annual_Report_2024.pdf,334,135,136,6.1.1.2 GOV: Governance,494,390,2716,Airbus | Airbus_Annual_Report_2024.pdf | pages 135-136,data/raw_pdfs/airbus/Airbus_Annual_Report_2024.pdf,https://www.airbus.com/sites/g/files/jlcbta136/files/2025-04/Airbus%20Annual%20Report%202024.pdf
airbus::Airbus_Annual_Report_2024::0335,Airbus,annual_report,2024,Airbus_Annual_Report_2024.pdf,335,135,136,6.1.1.2 GOV: Governance,462,366,2604,Airbus | Airbus_Annual_Report_2024.pdf | pages 135-136,data/raw_pdfs/airbus/Airbus_Annual_Report_2024.pdf,https://www.airbus.com/sites/g/files/jlcbta136/files/2025-04/Airbus%20Annual%20Report%202024.pdf
airbus::Airbus_Annual_Report_2024::0336,Airbus,annual_report,2024,Airbus_Annual_Report_2024.pdf,336,136,136,6.1.1.2 GOV: Governance,468,316,2248,Airbus | Airbus_Annual_Report_2024.pdf | page 136,data/raw_pdfs/airbus/Airbus_Annual_Report_2024.pdf,https://www.airbus.com/sites/g/files/jlcbta136/files/2025-04/Airbus%20Annual%20Report%202024.pdf
airbus::Airbus_Annual_Report_2024::0337,Airbus,annual_report,2024,Airbus_Annual_Report_2024.pdf,337,136,137,6.1.1.2 GOV: Governance,403,337,2484,Airbus | Airbus_Annual_Report_2024.pdf | pages 136-137,data/raw_pdfs/airbus/Airbus_Annual_Report_2024.pdf,https://www.airbus.com/sites/g/files/jlcbta136/files/2025-04/Airbus%20Annual%20Report%202024.pdf
airbus::Airbus_Annual_Report_2024::0338,Airbus,annual_report,2024,Airbus_Annual_Report_2024.pdf,338,137,137,6.1.1.2 GOV: Governance,441,365,2614,Airbus | Airbus_Annual_Report_2024.pdf | page 137,data/raw_pdfs/airbus/Airbus_Annual_Report_2024.pdf,https://www.airbus.com/sites/g/files/jlcbta136/files/2025-04/Airbus%20Annual%20Report%202024.pdf
airbus::Airbus_Annual_Report_2024::0339,Airbus,annual_report,2024,Airbus_Annual_Report_2024.pdf,339,137,137,6.1.1.2 GOV: Governance,491,407,2823,Airbus | Airbus_Annual_Report_2024.pdf | page 137,data/raw_pdfs/airbus/Airbus_Annual_Report_2024.pdf,https://www.airbus.com/sites/g/files/jlcbta136/files/2025-04/Airbus%20Annual%20Report%202024.pdf
airbus::Airbus_Annual_Report_2024::0340,Airbus,annual_report,2024,Airbus_Annual_Report_2024.pdf,340,137,138,6.1.1.2 GOV: Governance,492,388,2647,Airbus | Airbus_Annual_Report_2024.pdf | pages 137-138,data/raw_pdfs/airbus/Airbus_Annual_Report_2024.pdf,https://www.airbus.com/sites/g/files/jlcbta136/files/2025-04/Airbus%20Annual%20Report%202024.pdf
airbus::Airbus_Annual_Report_2024::0341,Airbus,annual_report,2024,Airbus_Annual_Report_2024.pdf,341,137,138,6.1.1.2 GOV: Governance,451,363,2459,Airbus | Airbus_Annual_Report_2024.pdf | pages 137-138,data/raw_pdfs/airbus/Airbus_Annual_Report_2024.pdf,https://www.airbus.com/sites/g/files/jlcbta136/files/2025-04/Airbus%20Annual%20Report%202024.pdf
airbus::Airbus_Annual_Report_2024::0342,Airbus,annual_report,2024,Airbus_Annual_Report_2024.pdf,342,138,138,6.1.1.2 GOV: Governance,466,370,2483,Airbus | Airbus_Annual_Report_2024.pdf | page 138,data/raw_pdfs/airbus/Airbus_Annual_Report_2024.pdf,https://www.airbus.com/sites/g/files/jlcbta136/files/2025-04/Airbus%20Annual%20Report%202024.pdf
airbus::Airbus_Annual_Report_2024::0343,Airbus,annual_report,2024,Airbus_Annual_Report_2024.pdf,343,138,139,6.1.1.2 GOV: Governance,474,375,2403,Airbus | Airbus_Annual_Report_2024.pdf | pages 138-139,data/raw_pdfs/airbus/Airbus_Annual_Report_2024.pdf,https://www.airbus.com/sites/g/files/jlcbta136/files/2025-04/Airbus%20Annual%20Report%202024.pdf
airbus::Airbus_Annual_Report_2024::0344,Airbus,annual_report,2024,Airbus_Annual_Report_2024.pdf,344,138,139,6.1.1.2 GOV: Governance,495,386,2640,Airbus | Airbus_Annual_Report_2024.pdf | pages 138-139,data/raw_pdfs/airbus/Airbus_Annual_Report_2024.pdf,https://www.airbus.com/sites/g/files/jlcbta136/files/2025-04/Airbus%20Annual%20Report%202024.pdf
airbus::Airbus_Annual_Report_2024::0345,Airbus,annual_report,2024,Airbus_Annual_Report_2024.pdf,345,139,139,6.1.1.2 GOV: Governance,388,313,2233,Airbus | Airbus_Annual_Report_2024.pdf | page 139,data/raw_pdfs/airbus/Airbus_Annual_Report_2024.pdf,https://www.airbus.com/sites/g/files/jlcbta136/files/2025-04/Airbus%20Annual%20Report%202024.pdf
airbus::Airbus_Annual_Report_2024::0346,Airbus,annual_report,2024,Airbus_Annual_Report_2024.pdf,346,139,140,6.1.1.2 GOV: Governance,431,315,2337,Airbus | Airbus_Annual_Report_2024.pdf | pages 139-140,data/raw_pdfs/airbus/Airbus_Annual_Report_2024.pdf,https://www.airbus.com/sites/g/files/jlcbta136/files/2025-04/Airbus%20Annual%20Report%202024.pdf
airbus::Airbus_Annual_Report_2024::0347,Airbus,annual_report,2024,Airbus_Annual_Report_2024.pdf,347,139,140,6.1.1.2 GOV: Governance,427,332,2345,Airbus | Airbus_Annual_Report_2024.pdf | pages 139-140,data/raw_pdfs/airbus/Airbus_Annual_Report_2024.pdf,https://www.airbus.com/sites/g/files/jlcbta136/files/2025-04/Airbus%20Annual%20Report%202024.pdf
airbus::Airbus_Annual_Report_2024::0348,Airbus,annual_report,2024,Airbus_Annual_Report_2024.pdf,348,140,140,6.1.1.3 SBM: Strategy,476,399,2869,Airbus | Airbus_Annual_Report_2024.pdf | page 140,data/raw_pdfs/airbus/Airbus_Annual_Report_2024.pdf,https://www.airbus.com/sites/g/files/jlcbta136/files/2025-04/Airbus%20Annual%20Report%202024.pdf
airbus::Airbus_Annual_Report_2024::0349,Airbus,annual_report,2024,Airbus_Annual_Report_2024.pdf,349,140,140,6.1.1.3 SBM: Strategy,481,403,2795,Airbus | Airbus_Annual_Report_2024.pdf | page 140,data/raw_pdfs/airbus/Airbus_Annual_Report_2024.pdf,https://www.airbus.com/sites/g/files/jlcbta136/files/2025-04/Airbus%20Annual%20Report%202024.pdf
airbus::Airbus_Annual_Report_2024::0350,Airbus,annual_report,2024,Airbus_Annual_Report_2024.pdf,350,140,141,6.1.1.3 SBM: Strategy,438,342,2452,Airbus | Airbus_Annual_Report_2024.pdf | pages 140-141,data/raw_pdfs/airbus/Airbus_Annual_Report_2024.pdf,https://www.airbus.com/sites/g/files/jlcbta136/files/2025-04/Airbus%20Annual%20Report%202024.pdf
airbus::Airbus_Annual_Report_2024::0351,Airbus,annual_report,2024,Airbus_Annual_Report_2024.pdf,351,141,141,6.1.1.3 SBM: Strategy,164,128,929,Airbus | Airbus_Annual_Report_2024.pdf | page 141,data/raw_pdfs/airbus/Airbus_Annual_Report_2024.pdf,https://www.airbus.com/sites/g/files/jlcbta136/files/2025-04/Airbus%20Annual%20Report%202024.pdf
airbus::Airbus_Annual_Report_2024::0352,Airbus,annual_report,2024,Airbus_Annual_Report_2024.pdf,352,141,141,6.1.1.3 SBM: Strategy,419,351,2438,Airbus | Airbus_Annual_Report_2024.pdf | page 141,data/raw_pdfs/airbus/Airbus_Annual_Report_2024.pdf,https://www.airbus.com/sites/g/files/jlcbta136/files/2025-04/Airbus%20Annual%20Report%202024.pdf
airbus::Airbus_Annual_Report_2024::0353,Airbus,annual_report,2024,Airbus_Annual_Report_2024.pdf,353,141,141,6.1.1.3 SBM: Strategy,474,392,2800,Airbus | Airbus_Annual_Report_2024.pdf | page 141,data/raw_pdfs/airbus/Airbus_Annual_Report_2024.pdf,https://www.airbus.com/sites/g/files/jlcbta136/files/2025-04/Airbus%20Annual%20Report%202024.pdf
airbus::Airbus_Annual_Report_2024::0354,Airbus,annual_report,2024,Airbus_Annual_Report_2024.pdf,354,141,141,6.1.1.3 SBM: Strategy,477,373,2731,Airbus | Airbus_Annual_Report_2024.pdf | page 141,data/raw_pdfs/airbus/Airbus_Annual_Report_2024.pdf,https://www.airbus.com/sites/g/files/jlcbta136/files/2025-04/Airbus%20Annual%20Report%202024.pdf
airbus::Airbus_Annual_Report_2024::0355,Airbus,annual_report,2024,Airbus_Annual_Report_2024.pdf,355,141,142,6.1.1.3 SBM: Strategy,454,361,2581,Airbus | Airbus_Annual_Report_2024.pdf | pages 141-142,data/raw_pdfs/airbus/Airbus_Annual_Report_2024.pdf,https://www.airbus.com/sites/g/files/jlcbta136/files/2025-04/Airbus%20Annual%20Report%202024.pdf
airbus::Airbus_Annual_Report_2024::0356,Airbus,annual_report,2024,Airbus_Annual_Report_2024.pdf,356,141,142,6.1.1.3 SBM: Strategy,478,385,2745,Airbus | Airbus_Annual_Report_2024.pdf | pages 141-142,data/raw_pdfs/airbus/Airbus_Annual_Report_2024.pdf,https://www.airbus.com/sites/g/files/jlcbta136/files/2025-04/Airbus%20Annual%20Report%202024.pdf
airbus::Airbus_Annual_Report_2024::0357,Airbus,annual_report,2024,Airbus_Annual_Report_2024.pdf,357,142,142,6.1.1.3 SBM: Strategy,408,322,2382,Airbus | Airbus_Annual_Report_2024.pdf | page 142,data/raw_pdfs/airbus/Airbus_Annual_Report_2024.pdf,https://www.airbus.com/sites/g/files/jlcbta136/files/2025-04/Airbus%20Annual%20Report%202024.pdf
airbus::Airbus_Annual_Report_2024::0358,Airbus,annual_report,2024,Airbus_Annual_Report_2024.pdf,358,142,142,6.1.1.3 SBM: Strategy,415,317,2324,Airbus | Airbus_Annual_Report_2024.pdf | page 142,data/raw_pdfs/airbus/Airbus_Annual_Report_2024.pdf,https://www.airbus.com/sites/g/files/jlcbta136/files/2025-04/Airbus%20Annual%20Report%202024.pdf
airbus::Airbus_Annual_Report_2024::0359,Airbus,annual_report,2024,Airbus_Annual_Report_2024.pdf,359,142,143,6.1.1.3 SBM: Strategy,355,312,2150,Airbus | Airbus_Annual_Report_2024.pdf | pages 142-143,data/raw_pdfs/airbus/Airbus_Annual_Report_2024.pdf,https://www.airbus.com/sites/g/files/jlcbta136/files/2025-04/Airbus%20Annual%20Report%202024.pdf
airbus::Airbus_Annual_Report_2024::0360,Airbus,annual_report,2024,Airbus_Annual_Report_2024.pdf,360,143,143,6.1.1.3 SBM: Strategy,434,338,2312,Airbus | Airbus_Annual_Report_2024.pdf | page 143,data/raw_pdfs/airbus/Airbus_Annual_Report_2024.pdf,https://www.airbus.com/sites/g/files/jlcbta136/files/2025-04/Airbus%20Annual%20Report%202024.pdf
airbus::Airbus_Annual_Report_2024::0361,Airbus,annual_report,2024,Airbus_Annual_Report_2024.pdf,361,143,143,6.1.1.3 SBM: Strategy,381,292,1982,Airbus | Airbus_Annual_Report_2024.pdf | page 143,data/raw_pdfs/airbus/Airbus_Annual_Report_2024.pdf,https://www.airbus.com/sites/g/files/jlcbta136/files/2025-04/Airbus%20Annual%20Report%202024.pdf
airbus::Airbus_Annual_Report_2024::0362,Airbus,annual_report,2024,Airbus_Annual_Report_2024.pdf,362,143,143,6.1.1.3 SBM: Strategy,385,286,1976,Airbus | Airbus_Annual_Report_2024.pdf | page 143,data/raw_pdfs/airbus/Airbus_Annual_Report_2024.pdf,https://www.airbus.com/sites/g/files/jlcbta136/files/2025-04/Airbus%20Annual%20Report%202024.pdf
airbus::Airbus_Annual_Report_2024::0363,Airbus,annual_report,2024,Airbus_Annual_Report_2024.pdf,363,143,143,6.1.1.3 SBM: Strategy,394,280,2000,Airbus | Airbus_Annual_Report_2024.pdf | page 143,data/raw_pdfs/airbus/Airbus_Annual_Report_2024.pdf,https://www.airbus.com/sites/g/files/jlcbta136/files/2025-04/Airbus%20Annual%20Report%202024.pdf
airbus::Airbus_Annual_Report_2024::0364,Airbus,annual_report,2024,Airbus_Annual_Report_2024.pdf,364,143,144,6.1.1.3 SBM: Strategy,489,365,2721,Airbus | Airbus_Annual_Report_2024.pdf | pages 143-144,data/raw_pdfs/airbus/Airbus_Annual_Report_2024.pdf,https://www.airbus.com/sites/g/files/jlcbta136/files/2025-04/Airbus%20Annual%20Report%202024.pdf
airbus::Airbus_Annual_Report_2024::0365,Airbus,annual_report,2024,Airbus_Annual_Report_2024.pdf,365,143,145,6.1.1.3 SBM: Strategy,500,365,2556,Airbus | Airbus_Annual_Report_2024.pdf | pages 143-145,data/raw_pdfs/airbus/Airbus_Annual_Report_2024.pdf,https://www.airbus.com/sites/g/files/jlcbta136/files/2025-04/Airbus%20Annual%20Report%202024.pdf
airbus::Airbus_Annual_Report_2024::0366,Airbus,annual_report,2024,Airbus_Annual_Report_2024.pdf,366,144,145,6.1.1.3 SBM: Strategy,464,378,2613,Airbus | Airbus_Annual_Report_2024.pdf | pages 144-145,data/raw_pdfs/airbus/Airbus_Annual_Report_2024.pdf,https://www.airbus.com/sites/g/files/jlcbta136/files/2025-04/Airbus%20Annual%20Report%202024.pdf
airbus::Airbus_Annual_Report_2024::0367,Airbus,annual_report,2024,Airbus_Annual_Report_2024.pdf,367,145,145,6.1.1.3 SBM: Strategy,402,325,2271,Airbus | Airbus_Annual_Report_2024.pdf | page 145,data/raw_pdfs/airbus/Airbus_Annual_Report_2024.pdf,https://www.airbus.com/sites/g/files/jlcbta136/files/2025-04/Airbus%20Annual%20Report%202024.pdf
airbus::Airbus_Annual_Report_2024::0368,Airbus,annual_report,2024,Airbus_Annual_Report_2024.pdf,368,145,145,6.1.1.3 SBM: Strategy,492,416,2852,Airbus | Airbus_Annual_Report_2024.pdf | page 145,data/raw_pdfs/airbus/Airbus_Annual_Report_2024.pdf,https://www.airbus.com/sites/g/files/jlcbta136/files/2025-04/Airbus%20Annual%20Report%202024.pdf
airbus::Airbus_Annual_Report_2024::0369,Airbus,annual_report,2024,Airbus_Annual_Report_2024.pdf,369,145,146,6.1.1.3 SBM: Strategy,474,401,2595,Airbus | Airbus_Annual_Report_2024.pdf | pages 145-146,data/raw_pdfs/airbus/Airbus_Annual_Report_2024.pdf,https://www.airbus.com/sites/g/files/jlcbta136/files/2025-04/Airbus%20Annual%20Report%202024.pdf
airbus::Airbus_Annual_Report_2024::0370,Airbus,annual_report,2024,Airbus_Annual_Report_2024.pdf,370,145,146,6.1.1.3 SBM: Strategy,414,359,2381,Airbus | Airbus_Annual_Report_2024.pdf | pages 145-146,data/raw_pdfs/airbus/Airbus_Annual_Report_2024.pdf,https://www.airbus.com/sites/g/files/jlcbta136/files/2025-04/Airbus%20Annual%20Report%202024.pdf
airbus::Airbus_Annual_Report_2024::0371,Airbus,annual_report,2024,Airbus_Annual_Report_2024.pdf,371,146,146,6.1.1.3 SBM: Strategy,423,362,2537,Airbus | Airbus_Annual_Report_2024.pdf | page 146,data/raw_pdfs/airbus/Airbus_Annual_Report_2024.pdf,https://www.airbus.com/sites/g/files/jlcbta136/files/2025-04/Airbus%20Annual%20Report%202024.pdf
airbus::Airbus_Annual_Report_2024::0372,Airbus,annual_report,2024,Airbus_Annual_Report_2024.pdf,372,146,147,6.1.1.3 SBM: Strategy,497,414,3014,Airbus | Airbus_Annual_Report_2024.pdf | pages 146-147,data/raw_pdfs/airbus/Airbus_Annual_Report_2024.pdf,https://www.airbus.com/sites/g/files/jlcbta136/files/2025-04/Airbus%20Annual%20Report%202024.pdf
airbus::Airbus_Annual_Report_2024::0373,Airbus,annual_report,2024,Airbus_Annual_Report_2024.pdf,373,147,147,opportunity management,439,360,2518,Airbus | Airbus_Annual_Report_2024.pdf | page 147,data/raw_pdfs/airbus/Airbus_Annual_Report_2024.pdf,https://www.airbus.com/sites/g/files/jlcbta136/files/2025-04/Airbus%20Annual%20Report%202024.pdf
airbus::Airbus_Annual_Report_2024::0374,Airbus,annual_report,2024,Airbus_Annual_Report_2024.pdf,374,147,148,opportunity management,473,392,2881,Airbus | Airbus_Annual_Report_2024.pdf | pages 147-148,data/raw_pdfs/airbus/Airbus_Annual_Report_2024.pdf,https://www.airbus.com/sites/g/files/jlcbta136/files/2025-04/Airbus%20Annual%20Report%202024.pdf
airbus::Airbus_Annual_Report_2024::0375,Airbus,annual_report,2024,Airbus_Annual_Report_2024.pdf,375,148,148,opportunity management,358,300,2144,Airbus | Airbus_Annual_Report_2024.pdf | page 148,data/raw_pdfs/airbus/Airbus_Annual_Report_2024.pdf,https://www.airbus.com/sites/g/files/jlcbta136/files/2025-04/Airbus%20Annual%20Report%202024.pdf
airbus::Airbus_Annual_Report_2024::0376,Airbus,annual_report,2024,Airbus_Annual_Report_2024.pdf,376,148,148,opportunity management,425,345,2521,Airbus | Airbus_Annual_Report_2024.pdf | page 148,data/raw_pdfs/airbus/Airbus_Annual_Report_2024.pdf,https://www.airbus.com/sites/g/files/jlcbta136/files/2025-04/Airbus%20Annual%20Report%202024.pdf
airbus::Airbus_Annual_Report_2024::0377,Airbus,annual_report,2024,Airbus_Annual_Report_2024.pdf,377,148,149,opportunity management,490,376,2735,Airbus | Airbus_Annual_Report_2024.pdf | pages 148-149,data/raw_pdfs/airbus/Airbus_Annual_Report_2024.pdf,https://www.airbus.com/sites/g/files/jlcbta136/files/2025-04/Airbus%20Annual%20Report%202024.pdf
airbus::Airbus_Annual_Report_2024::0378,Airbus,annual_report,2024,Airbus_Annual_Report_2024.pdf,378,149,149,opportunity management,322,249,1709,Airbus | Airbus_Annual_Report_2024.pdf | page 149,data/raw_pdfs/airbus/Airbus_Annual_Report_2024.pdf,https://www.airbus.com/sites/g/files/jlcbta136/files/2025-04/Airbus%20Annual%20Report%202024.pdf
airbus::Airbus_Annual_Report_2024::0379,Airbus,annual_report,2024,Airbus_Annual_Report_2024.pdf,379,149,150,opportunity management,370,299,2024,Airbus | Airbus_Annual_Report_2024.pdf | pages 149-150,data/raw_pdfs/airbus/Airbus_Annual_Report_2024.pdf,https://www.airbus.com/sites/g/files/jlcbta136/files/2025-04/Airbus%20Annual%20Report%202024.pdf
airbus::Airbus_Annual_Report_2024::0380,Airbus,annual_report,2024,Airbus_Annual_Report_2024.pdf,380,149,150,opportunity management,270,212,1435,Airbus | Airbus_Annual_Report_2024.pdf | pages 149-150,data/raw_pdfs/airbus/Airbus_Annual_Report_2024.pdf,https://www.airbus.com/sites/g/files/jlcbta136/files/2025-04/Airbus%20Annual%20Report%202024.pdf
airbus::Airbus_Annual_Report_2024::0381,Airbus,annual_report,2024,Airbus_Annual_Report_2024.pdf,381,150,150,opportunity management,473,422,2858,Airbus | Airbus_Annual_Report_2024.pdf | page 150,data/raw_pdfs/airbus/Airbus_Annual_Report_2024.pdf,https://www.airbus.com/sites/g/files/jlcbta136/files/2025-04/Airbus%20Annual%20Report%202024.pdf
airbus::Airbus_Annual_Report_2024::0382,Airbus,annual_report,2024,Airbus_Annual_Report_2024.pdf,382,150,150,opportunity management,456,411,2757,Airbus | Airbus_Annual_Report_2024.pdf | page 150,data/raw_pdfs/airbus/Airbus_Annual_Report_2024.pdf,https://www.airbus.com/sites/g/files/jlcbta136/files/2025-04/Airbus%20Annual%20Report%202024.pdf
airbus::Airbus_Annual_Report_2024::0383,Airbus,annual_report,2024,Airbus_Annual_Report_2024.pdf,383,150,151,opportunity management,488,421,3016,Airbus | Airbus_Annual_Report_2024.pdf | pages 150-151,data/raw_pdfs/airbus/Airbus_Annual_Report_2024.pdf,https://www.airbus.com/sites/g/files/jlcbta136/files/2025-04/Airbus%20Annual%20Report%202024.pdf
airbus::Airbus_Annual_Report_2024::0384,Airbus,annual_report,2024,Airbus_Annual_Report_2024.pdf,384,150,151,opportunity management,493,355,2651,Airbus | Airbus_Annual_Report_2024.pdf | pages 150-151,data/raw_pdfs/airbus/Airbus_Annual_Report_2024.pdf,https://www.airbus.com/sites/g/files/jlcbta136/files/2025-04/Airbus%20Annual%20Report%202024.pdf
airbus::Airbus_Annual_Report_2024::0385,Airbus,annual_report,2024,Airbus_Annual_Report_2024.pdf,385,151,151,opportunity management,488,265,2051,Airbus | Airbus_Annual_Report_2024.pdf | page 151,data/raw_pdfs/airbus/Airbus_Annual_Report_2024.pdf,https://www.airbus.com/sites/g/files/jlcbta136/files/2025-04/Airbus%20Annual%20Report%202024.pdf
airbus::Airbus_Annual_Report_2024::0386,Airbus,annual_report,2024,Airbus_Annual_Report_2024.pdf,386,151,152,opportunity management,381,166,1303,Airbus | Airbus_Annual_Report_2024.pdf | pages 151-152,data/raw_pdfs/airbus/Airbus_Annual_Report_2024.pdf,https://www.airbus.com/sites/g/files/jlcbta136/files/2025-04/Airbus%20Annual%20Report%202024.pdf
airbus::Airbus_Annual_Report_2024::0387,Airbus,annual_report,2024,Airbus_Annual_Report_2024.pdf,387,152,152,opportunity management,225,70,549,Airbus | Airbus_Annual_Report_2024.pdf | page 152,data/raw_pdfs/airbus/Airbus_Annual_Report_2024.pdf,https://www.airbus.com/sites/g/files/jlcbta136/files/2025-04/Airbus%20Annual%20Report%202024.pdf
airbus::Airbus_Annual_Report_2024::0388,Airbus,annual_report,2024,Airbus_Annual_Report_2024.pdf,388,152,152,opportunity management,338,157,1178,Airbus | Airbus_Annual_Report_2024.pdf | page 152,data/raw_pdfs/airbus/Airbus_Annual_Report_2024.pdf,https://www.airbus.com/sites/g/files/jlcbta136/files/2025-04/Airbus%20Annual%20Report%202024.pdf
airbus::Airbus_Annual_Report_2024::0389,Airbus,annual_report,2024,Airbus_Annual_Report_2024.pdf,389,152,152,opportunity management,325,147,1101,Airbus | Airbus_Annual_Report_2024.pdf | page 152,data/raw_pdfs/airbus/Airbus_Annual_Report_2024.pdf,https://www.airbus.com/sites/g/files/jlcbta136/files/2025-04/Airbus%20Annual%20Report%202024.pdf
airbus::Airbus_Annual_Report_2024::0390,Airbus,annual_report,2024,Airbus_Annual_Report_2024.pdf,390,152,153,opportunity management,302,119,943,Airbus | Airbus_Annual_Report_2024.pdf | pages 152-153,data/raw_pdfs/airbus/Airbus_Annual_Report_2024.pdf,https://www.airbus.com/sites/g/files/jlcbta136/files/2025-04/Airbus%20Annual%20Report%202024.pdf
airbus::Airbus_Annual_Report_2024::0391,Airbus,annual_report,2024,Airbus_Annual_Report_2024.pdf,391,152,153,opportunity management,295,112,886,Airbus | Airbus_Annual_Report_2024.pdf | pages 152-153,data/raw_pdfs/airbus/Airbus_Annual_Report_2024.pdf,https://www.airbus.com/sites/g/files/jlcbta136/files/2025-04/Airbus%20Annual%20Report%202024.pdf
airbus::Airbus_Annual_Report_2024::0392,Airbus,annual_report,2024,Airbus_Annual_Report_2024.pdf,392,153,153,opportunity management,469,249,1903,Airbus | Airbus_Annual_Report_2024.pdf | page 153,data/raw_pdfs/airbus/Airbus_Annual_Report_2024.pdf,https://www.airbus.com/sites/g/files/jlcbta136/files/2025-04/Airbus%20Annual%20Report%202024.pdf
airbus::Airbus_Annual_Report_2024::0393,Airbus,annual_report,2024,Airbus_Annual_Report_2024.pdf,393,153,154,opportunity management,486,308,2195,Airbus | Airbus_Annual_Report_2024.pdf | pages 153-154,data/raw_pdfs/airbus/Airbus_Annual_Report_2024.pdf,https://www.airbus.com/sites/g/files/jlcbta136/files/2025-04/Airbus%20Annual%20Report%202024.pdf
airbus::Airbus_Annual_Report_2024::0394,Airbus,annual_report,2024,Airbus_Annual_Report_2024.pdf,394,154,154,opportunity management,486,283,2011,Airbus | Airbus_Annual_Report_2024.pdf | page 154,data/raw_pdfs/airbus/Airbus_Annual_Report_2024.pdf,https://www.airbus.com/sites/g/files/jlcbta136/files/2025-04/Airbus%20Annual%20Report%202024.pdf
airbus::Airbus_Annual_Report_2024::0395,Airbus,annual_report,2024,Airbus_Annual_Report_2024.pdf,395,154,155,opportunity management,498,328,2380,Airbus | Airbus_Annual_Report_2024.pdf | pages 154-155,data/raw_pdfs/airbus/Airbus_Annual_Report_2024.pdf,https://www.airbus.com/sites/g/files/jlcbta136/files/2025-04/Airbus%20Annual%20Report%202024.pdf
airbus::Airbus_Annual_Report_2024::0396,Airbus,annual_report,2024,Airbus_Annual_Report_2024.pdf,396,155,156,opportunity management,497,286,2054,Airbus | Airbus_Annual_Report_2024.pdf | pages 155-156,data/raw_pdfs/airbus/Airbus_Annual_Report_2024.pdf,https://www.airbus.com/sites/g/files/jlcbta136/files/2025-04/Airbus%20Annual%20Report%202024.pdf
airbus::Airbus_Annual_Report_2024::0397,Airbus,annual_report,2024,Airbus_Annual_Report_2024.pdf,397,155,156,opportunity management,486,282,2063,Airbus | Airbus_Annual_Report_2024.pdf | pages 155-156,data/raw_pdfs/airbus/Airbus_Annual_Report_2024.pdf,https://www.airbus.com/sites/g/files/jlcbta136/files/2025-04/Airbus%20Annual%20Report%202024.pdf
airbus::Airbus_Annual_Report_2024::0398,Airbus,annual_report,2024,Airbus_Annual_Report_2024.pdf,398,156,157,opportunity management,492,342,2436,Airbus | Airbus_Annual_Report_2024.pdf | pages 156-157,data/raw_pdfs/airbus/Airbus_Annual_Report_2024.pdf,https://www.airbus.com/sites/g/files/jlcbta136/files/2025-04/Airbus%20Annual%20Report%202024.pdf
airbus::Airbus_Annual_Report_2024::0399,Airbus,annual_report,2024,Airbus_Annual_Report_2024.pdf,399,157,157,opportunity management,490,336,2400,Airbus | Airbus_Annual_Report_2024.pdf | page 157,data/raw_pdfs/airbus/Airbus_Annual_Report_2024.pdf,https://www.airbus.com/sites/g/files/jlcbta136/files/2025-04/Airbus%20Annual%20Report%202024.pdf
airbus::Airbus_Annual_Report_2024::0400,Airbus,annual_report,2024,Airbus_Annual_Report_2024.pdf,400,157,158,opportunity management,491,323,2360,Airbus | Airbus_Annual_Report_2024.pdf | pages 157-158,data/raw_pdfs/airbus/Airbus_Annual_Report_2024.pdf,https://www.airbus.com/sites/g/files/jlcbta136/files/2025-04/Airbus%20Annual%20Report%202024.pdf
airbus::Airbus_Annual_Report_2024::0401,Airbus,annual_report,2024,Airbus_Annual_Report_2024.pdf,401,158,159,opportunity management,493,323,2257,Airbus | Airbus_Annual_Report_2024.pdf | pages 158-159,data/raw_pdfs/airbus/Airbus_Annual_Report_2024.pdf,https://www.airbus.com/sites/g/files/jlcbta136/files/2025-04/Airbus%20Annual%20Report%202024.pdf
airbus::Airbus_Annual_Report_2024::0402,Airbus,annual_report,2024,Airbus_Annual_Report_2024.pdf,402,159,159,opportunity management,475,293,1998,Airbus | Airbus_Annual_Report_2024.pdf | page 159,data/raw_pdfs/airbus/Airbus_Annual_Report_2024.pdf,https://www.airbus.com/sites/g/files/jlcbta136/files/2025-04/Airbus%20Annual%20Report%202024.pdf
airbus::Airbus_Annual_Report_2024::0403,Airbus,annual_report,2024,Airbus_Annual_Report_2024.pdf,403,159,160,opportunity management,493,320,2280,Airbus | Airbus_Annual_Report_2024.pdf | pages 159-160,data/raw_pdfs/airbus/Airbus_Annual_Report_2024.pdf,https://www.airbus.com/sites/g/files/jlcbta136/files/2025-04/Airbus%20Annual%20Report%202024.pdf
airbus::Airbus_Annual_Report_2024::0404,Airbus,annual_report,2024,Airbus_Annual_Report_2024.pdf,404,160,161,opportunity management,464,314,2052,Airbus | Airbus_Annual_Report_2024.pdf | pages 160-161,data/raw_pdfs/airbus/Airbus_Annual_Report_2024.pdf,https://www.airbus.com/sites/g/files/jlcbta136/files/2025-04/Airbus%20Annual%20Report%202024.pdf
airbus::Airbus_Annual_Report_2024::0405,Airbus,annual_report,2024,Airbus_Annual_Report_2024.pdf,405,161,162,opportunity management,500,323,2141,Airbus | Airbus_Annual_Report_2024.pdf | pages 161-162,data/raw_pdfs/airbus/Airbus_Annual_Report_2024.pdf,https://www.airbus.com/sites/g/files/jlcbta136/files/2025-04/Airbus%20Annual%20Report%202024.pdf
airbus::Airbus_Annual_Report_2024::0406,Airbus,annual_report,2024,Airbus_Annual_Report_2024.pdf,406,161,162,opportunity management,488,314,2080,Airbus | Airbus_Annual_Report_2024.pdf | pages 161-162,data/raw_pdfs/airbus/Airbus_Annual_Report_2024.pdf,https://www.airbus.com/sites/g/files/jlcbta136/files/2025-04/Airbus%20Annual%20Report%202024.pdf
airbus::Airbus_Annual_Report_2024::0407,Airbus,annual_report,2024,Airbus_Annual_Report_2024.pdf,407,162,163,opportunity management,499,334,2121,Airbus | Airbus_Annual_Report_2024.pdf | pages 162-163,data/raw_pdfs/airbus/Airbus_Annual_Report_2024.pdf,https://www.airbus.com/sites/g/files/jlcbta136/files/2025-04/Airbus%20Annual%20Report%202024.pdf
airbus::Airbus_Annual_Report_2024::0408,Airbus,annual_report,2024,Airbus_Annual_Report_2024.pdf,408,163,164,opportunity management,489,332,2191,Airbus | Airbus_Annual_Report_2024.pdf | pages 163-164,data/raw_pdfs/airbus/Airbus_Annual_Report_2024.pdf,https://www.airbus.com/sites/g/files/jlcbta136/files/2025-04/Airbus%20Annual%20Report%202024.pdf
airbus::Airbus_Annual_Report_2024::0409,Airbus,annual_report,2024,Airbus_Annual_Report_2024.pdf,409,164,164,opportunity management,399,254,1675,Airbus | Airbus_Annual_Report_2024.pdf | page 164,data/raw_pdfs/airbus/Airbus_Annual_Report_2024.pdf,https://www.airbus.com/sites/g/files/jlcbta136/files/2025-04/Airbus%20Annual%20Report%202024.pdf
airbus::Airbus_Annual_Report_2024::0410,Airbus,annual_report,2024,Airbus_Annual_Report_2024.pdf,410,164,164,opportunity management,82,52,340,Airbus | Airbus_Annual_Report_2024.pdf | page 164,data/raw_pdfs/airbus/Airbus_Annual_Report_2024.pdf,https://www.airbus.com/sites/g/files/jlcbta136/files/2025-04/Airbus%20Annual%20Report%202024.pdf
airbus::Airbus_Annual_Report_2024::0411,Airbus,annual_report,2024,Airbus_Annual_Report_2024.pdf,411,164,164,opportunity management,73,44,299,Airbus | Airbus_Annual_Report_2024.pdf | page 164,data/raw_pdfs/airbus/Airbus_Annual_Report_2024.pdf,https://www.airbus.com/sites/g/files/jlcbta136/files/2025-04/Airbus%20Annual%20Report%202024.pdf
airbus::Airbus_Annual_Report_2024::0412,Airbus,annual_report,2024,Airbus_Annual_Report_2024.pdf,412,164,164,opportunity management,52,31,210,Airbus | Airbus_Annual_Report_2024.pdf | page 164,data/raw_pdfs/airbus/Airbus_Annual_Report_2024.pdf,https://www.airbus.com/sites/g/files/jlcbta136/files/2025-04/Airbus%20Annual%20Report%202024.pdf
airbus::Airbus_Annual_Report_2024::0413,Airbus,annual_report,2024,Airbus_Annual_Report_2024.pdf,413,164,164,opportunity management,40,25,162,Airbus | Airbus_Annual_Report_2024.pdf | page 164,data/raw_pdfs/airbus/Airbus_Annual_Report_2024.pdf,https://www.airbus.com/sites/g/files/jlcbta136/files/2025-04/Airbus%20Annual%20Report%202024.pdf
airbus::Airbus_Annual_Report_2024::0414,Airbus,annual_report,2024,Airbus_Annual_Report_2024.pdf,414,164,164,opportunity management,495,313,2131,Airbus | Airbus_Annual_Report_2024.pdf | page 164,data/raw_pdfs/airbus/Airbus_Annual_Report_2024.pdf,https://www.airbus.com/sites/g/files/jlcbta136/files/2025-04/Airbus%20Annual%20Report%202024.pdf
airbus::Airbus_Annual_Report_2024::0415,Airbus,annual_report,2024,Airbus_Annual_Report_2024.pdf,415,164,165,opportunity management,489,309,2141,Airbus | Airbus_Annual_Report_2024.pdf | pages 164-165,data/raw_pdfs/airbus/Airbus_Annual_Report_2024.pdf,https://www.airbus.com/sites/g/files/jlcbta136/files/2025-04/Airbus%20Annual%20Report%202024.pdf
airbus::Airbus_Annual_Report_2024::0416,Airbus,annual_report,2024,Airbus_Annual_Report_2024.pdf,416,165,165,6.2 Environmental Information,257,203,1411,Airbus | Airbus_Annual_Report_2024.pdf | page 165,data/raw_pdfs/airbus/Airbus_Annual_Report_2024.pdf,https://www.airbus.com/sites/g/files/jlcbta136/files/2025-04/Airbus%20Annual%20Report%202024.pdf
airbus::Airbus_Annual_Report_2024::0417,Airbus,annual_report,2024,Airbus_Annual_Report_2024.pdf,417,165,165,6.2 Environmental Information,480,400,2936,Airbus | Airbus_Annual_Report_2024.pdf | page 165,data/raw_pdfs/airbus/Airbus_Annual_Report_2024.pdf,https://www.airbus.com/sites/g/files/jlcbta136/files/2025-04/Airbus%20Annual%20Report%202024.pdf
airbus::Airbus_Annual_Report_2024::0418,Airbus,annual_report,2024,Airbus_Annual_Report_2024.pdf,418,165,165,6.2 Environmental Information,431,368,2824,Airbus | Airbus_Annual_Report_2024.pdf | page 165,data/raw_pdfs/airbus/Airbus_Annual_Report_2024.pdf,https://www.airbus.com/sites/g/files/jlcbta136/files/2025-04/Airbus%20Annual%20Report%202024.pdf
airbus::Airbus_Annual_Report_2024::0419,Airbus,annual_report,2024,Airbus_Annual_Report_2024.pdf,419,165,165,6.2 Environmental Information,474,400,2868,Airbus | Airbus_Annual_Report_2024.pdf | page 165,data/raw_pdfs/airbus/Airbus_Annual_Report_2024.pdf,https://www.airbus.com/sites/g/files/jlcbta136/files/2025-04/Airbus%20Annual%20Report%202024.pdf
airbus::Airbus_Annual_Report_2024::0420,Airbus,annual_report,2024,Airbus_Annual_Report_2024.pdf,420,165,166,6.2 Environmental Information,499,390,2740,Airbus | Airbus_Annual_Report_2024.pdf | pages 165-166,data/raw_pdfs/airbus/Airbus_Annual_Report_2024.pdf,https://www.airbus.com/sites/g/files/jlcbta136/files/2025-04/Airbus%20Annual%20Report%202024.pdf
airbus::Airbus_Annual_Report_2024::0421,Airbus,annual_report,2024,Airbus_Annual_Report_2024.pdf,421,166,166,6.2.2 ESRS E1 - Climate change,420,345,2332,Airbus | Airbus_Annual_Report_2024.pdf | page 166,data/raw_pdfs/airbus/Airbus_Annual_Report_2024.pdf,https://www.airbus.com/sites/g/files/jlcbta136/files/2025-04/Airbus%20Annual%20Report%202024.pdf
airbus::Airbus_Annual_Report_2024::0422,Airbus,annual_report,2024,Airbus_Annual_Report_2024.pdf,422,166,167,6.2.2 ESRS E1 - Climate change,466,365,2371,Airbus | Airbus_Annual_Report_2024.pdf | pages 166-167,data/raw_pdfs/airbus/Airbus_Annual_Report_2024.pdf,https://www.airbus.com/sites/g/files/jlcbta136/files/2025-04/Airbus%20Annual%20Report%202024.pdf
airbus::Airbus_Annual_Report_2024::0423,Airbus,annual_report,2024,Airbus_Annual_Report_2024.pdf,423,166,167,6.2.2 ESRS E1 - Climate change,350,269,1842,Airbus | Airbus_Annual_Report_2024.pdf | pages 166-167,data/raw_pdfs/airbus/Airbus_Annual_Report_2024.pdf,https://www.airbus.com/sites/g/files/jlcbta136/files/2025-04/Airbus%20Annual%20Report%202024.pdf
airbus::Airbus_Annual_Report_2024::0424,Airbus,annual_report,2024,Airbus_Annual_Report_2024.pdf,424,167,167,6.2.2 ESRS E1 - Climate change,462,357,2506,Airbus | Airbus_Annual_Report_2024.pdf | page 167,data/raw_pdfs/airbus/Airbus_Annual_Report_2024.pdf,https://www.airbus.com/sites/g/files/jlcbta136/files/2025-04/Airbus%20Annual%20Report%202024.pdf
airbus::Airbus_Annual_Report_2024::0425,Airbus,annual_report,2024,Airbus_Annual_Report_2024.pdf,425,167,168,6.2.2 ESRS E1 - Climate change,482,401,2775,Airbus | Airbus_Annual_Report_2024.pdf | pages 167-168,data/raw_pdfs/airbus/Airbus_Annual_Report_2024.pdf,https://www.airbus.com/sites/g/files/jlcbta136/files/2025-04/Airbus%20Annual%20Report%202024.pdf
airbus::Airbus_Annual_Report_2024::0426,Airbus,annual_report,2024,Airbus_Annual_Report_2024.pdf,426,168,168,6.2.2 ESRS E1 - Climate change,417,334,2280,Airbus | Airbus_Annual_Report_2024.pdf | page 168,data/raw_pdfs/airbus/Airbus_Annual_Report_2024.pdf,https://www.airbus.com/sites/g/files/jlcbta136/files/2025-04/Airbus%20Annual%20Report%202024.pdf
airbus::Airbus_Annual_Report_2024::0427,Airbus,annual_report,2024,Airbus_Annual_Report_2024.pdf,427,168,168,6.2.2 ESRS E1 - Climate change,491,357,2368,Airbus | Airbus_Annual_Report_2024.pdf | page 168,data/raw_pdfs/airbus/Airbus_Annual_Report_2024.pdf,https://www.airbus.com/sites/g/files/jlcbta136/files/2025-04/Airbus%20Annual%20Report%202024.pdf
airbus::Airbus_Annual_Report_2024::0428,Airbus,annual_report,2024,Airbus_Annual_Report_2024.pdf,428,168,169,6.2.2 ESRS E1 - Climate change,500,361,2369,Airbus | Airbus_Annual_Report_2024.pdf | pages 168-169,data/raw_pdfs/airbus/Airbus_Annual_Report_2024.pdf,https://www.airbus.com/sites/g/files/jlcbta136/files/2025-04/Airbus%20Annual%20Report%202024.pdf
airbus::Airbus_Annual_Report_2024::0429,Airbus,annual_report,2024,Airbus_Annual_Report_2024.pdf,429,169,170,6.2.2 ESRS E1 - Climate change,490,398,2567,Airbus | Airbus_Annual_Report_2024.pdf | pages 169-170,data/raw_pdfs/airbus/Airbus_Annual_Report_2024.pdf,https://www.airbus.com/sites/g/files/jlcbta136/files/2025-04/Airbus%20Annual%20Report%202024.pdf
airbus::Airbus_Annual_Report_2024::0430,Airbus,annual_report,2024,Airbus_Annual_Report_2024.pdf,430,169,170,6.2.2 ESRS E1 - Climate change,287,243,1559,Airbus | Airbus_Annual_Report_2024.pdf | pages 169-170,data/raw_pdfs/airbus/Airbus_Annual_Report_2024.pdf,https://www.airbus.com/sites/g/files/jlcbta136/files/2025-04/Airbus%20Annual%20Report%202024.pdf
airbus::Airbus_Annual_Report_2024::0431,Airbus,annual_report,2024,Airbus_Annual_Report_2024.pdf,431,170,170,6.2.2.3 Description of the processes to identify,500,395,2634,Airbus | Airbus_Annual_Report_2024.pdf | page 170,data/raw_pdfs/airbus/Airbus_Annual_Report_2024.pdf,https://www.airbus.com/sites/g/files/jlcbta136/files/2025-04/Airbus%20Annual%20Report%202024.pdf
airbus::Airbus_Annual_Report_2024::0432,Airbus,annual_report,2024,Airbus_Annual_Report_2024.pdf,432,170,170,6.2.2.3 Description of the processes to identify,462,362,2440,Airbus | Airbus_Annual_Report_2024.pdf | page 170,data/raw_pdfs/airbus/Airbus_Annual_Report_2024.pdf,https://www.airbus.com/sites/g/files/jlcbta136/files/2025-04/Airbus%20Annual%20Report%202024.pdf
airbus::Airbus_Annual_Report_2024::0433,Airbus,annual_report,2024,Airbus_Annual_Report_2024.pdf,433,170,170,6.2.2.3 Description of the processes to identify,493,380,2654,Airbus | Airbus_Annual_Report_2024.pdf | page 170,data/raw_pdfs/airbus/Airbus_Annual_Report_2024.pdf,https://www.airbus.com/sites/g/files/jlcbta136/files/2025-04/Airbus%20Annual%20Report%202024.pdf
airbus::Airbus_Annual_Report_2024::0434,Airbus,annual_report,2024,Airbus_Annual_Report_2024.pdf,434,170,171,6.2.2.3 Description of the processes to identify,465,388,2759,Airbus | Airbus_Annual_Report_2024.pdf | pages 170-171,data/raw_pdfs/airbus/Airbus_Annual_Report_2024.pdf,https://www.airbus.com/sites/g/files/jlcbta136/files/2025-04/Airbus%20Annual%20Report%202024.pdf
airbus::Airbus_Annual_Report_2024::0435,Airbus,annual_report,2024,Airbus_Annual_Report_2024.pdf,435,170,171,6.2.2.3 Description of the processes to identify,500,418,3005,Airbus | Airbus_Annual_Report_2024.pdf | pages 170-171,data/raw_pdfs/airbus/Airbus_Annual_Report_2024.pdf,https://www.airbus.com/sites/g/files/jlcbta136/files/2025-04/Airbus%20Annual%20Report%202024.pdf
airbus::Airbus_Annual_Report_2024::0436,Airbus,annual_report,2024,Airbus_Annual_Report_2024.pdf,436,171,171,6.2.2.3 Description of the processes to identify,397,337,2463,Airbus | Airbus_Annual_Report_2024.pdf | page 171,data/raw_pdfs/airbus/Airbus_Annual_Report_2024.pdf,https://www.airbus.com/sites/g/files/jlcbta136/files/2025-04/Airbus%20Annual%20Report%202024.pdf
airbus::Airbus_Annual_Report_2024::0437,Airbus,annual_report,2024,Airbus_Annual_Report_2024.pdf,437,171,171,6.2.2.3 Description of the processes to identify,404,344,2354,Airbus | Airbus_Annual_Report_2024.pdf | page 171,data/raw_pdfs/airbus/Airbus_Annual_Report_2024.pdf,https://www.airbus.com/sites/g/files/jlcbta136/files/2025-04/Airbus%20Annual%20Report%202024.pdf
airbus::Airbus_Annual_Report_2024::0438,Airbus,annual_report,2024,Airbus_Annual_Report_2024.pdf,438,171,171,6.2.2.3 Description of the processes to identify,477,398,2678,Airbus | Airbus_Annual_Report_2024.pdf | page 171,data/raw_pdfs/airbus/Airbus_Annual_Report_2024.pdf,https://www.airbus.com/sites/g/files/jlcbta136/files/2025-04/Airbus%20Annual%20Report%202024.pdf
airbus::Airbus_Annual_Report_2024::0439,Airbus,annual_report,2024,Airbus_Annual_Report_2024.pdf,439,171,172,6.2.2.3 Description of the processes to identify,462,378,2638,Airbus | Airbus_Annual_Report_2024.pdf | pages 171-172,data/raw_pdfs/airbus/Airbus_Annual_Report_2024.pdf,https://www.airbus.com/sites/g/files/jlcbta136/files/2025-04/Airbus%20Annual%20Report%202024.pdf
airbus::Airbus_Annual_Report_2024::0440,Airbus,annual_report,2024,Airbus_Annual_Report_2024.pdf,440,172,172,6.2.2.3 Description of the processes to identify,484,402,2750,Airbus | Airbus_Annual_Report_2024.pdf | page 172,data/raw_pdfs/airbus/Airbus_Annual_Report_2024.pdf,https://www.airbus.com/sites/g/files/jlcbta136/files/2025-04/Airbus%20Annual%20Report%202024.pdf
airbus::Airbus_Annual_Report_2024::0441,Airbus,annual_report,2024,Airbus_Annual_Report_2024.pdf,441,172,172,6.2.2.3 Description of the processes to identify,484,430,2984,Airbus | Airbus_Annual_Report_2024.pdf | page 172,data/raw_pdfs/airbus/Airbus_Annual_Report_2024.pdf,https://www.airbus.com/sites/g/files/jlcbta136/files/2025-04/Airbus%20Annual%20Report%202024.pdf
airbus::Airbus_Annual_Report_2024::0442,Airbus,annual_report,2024,Airbus_Annual_Report_2024.pdf,442,172,172,6.2.2.3 Description of the processes to identify,435,389,2729,Airbus | Airbus_Annual_Report_2024.pdf | page 172,data/raw_pdfs/airbus/Airbus_Annual_Report_2024.pdf,https://www.airbus.com/sites/g/files/jlcbta136/files/2025-04/Airbus%20Annual%20Report%202024.pdf
airbus::Airbus_Annual_Report_2024::0443,Airbus,annual_report,2024,Airbus_Annual_Report_2024.pdf,443,172,173,6.2.2.3 Description of the processes to identify,381,327,2371,Airbus | Airbus_Annual_Report_2024.pdf | pages 172-173,data/raw_pdfs/airbus/Airbus_Annual_Report_2024.pdf,https://www.airbus.com/sites/g/files/jlcbta136/files/2025-04/Airbus%20Annual%20Report%202024.pdf
airbus::Airbus_Annual_Report_2024::0444,Airbus,annual_report,2024,Airbus_Annual_Report_2024.pdf,444,173,173,6.2.2.3 Description of the processes to identify,493,405,2839,Airbus | Airbus_Annual_Report_2024.pdf | page 173,data/raw_pdfs/airbus/Airbus_Annual_Report_2024.pdf,https://www.airbus.com/sites/g/files/jlcbta136/files/2025-04/Airbus%20Annual%20Report%202024.pdf
airbus::Airbus_Annual_Report_2024::0445,Airbus,annual_report,2024,Airbus_Annual_Report_2024.pdf,445,173,173,6.2.2.3 Description of the processes to identify,491,390,2674,Airbus | Airbus_Annual_Report_2024.pdf | page 173,data/raw_pdfs/airbus/Airbus_Annual_Report_2024.pdf,https://www.airbus.com/sites/g/files/jlcbta136/files/2025-04/Airbus%20Annual%20Report%202024.pdf
airbus::Airbus_Annual_Report_2024::0446,Airbus,annual_report,2024,Airbus_Annual_Report_2024.pdf,446,173,174,6.2.2.3 Description of the processes to identify,475,395,2455,Airbus | Airbus_Annual_Report_2024.pdf | pages 173-174,data/raw_pdfs/airbus/Airbus_Annual_Report_2024.pdf,https://www.airbus.com/sites/g/files/jlcbta136/files/2025-04/Airbus%20Annual%20Report%202024.pdf
airbus::Airbus_Annual_Report_2024::0447,Airbus,annual_report,2024,Airbus_Annual_Report_2024.pdf,447,174,174,6.2.2.4 Policies (E1-2),456,365,2492,Airbus | Airbus_Annual_Report_2024.pdf | page 174,data/raw_pdfs/airbus/Airbus_Annual_Report_2024.pdf,https://www.airbus.com/sites/g/files/jlcbta136/files/2025-04/Airbus%20Annual%20Report%202024.pdf
airbus::Airbus_Annual_Report_2024::0448,Airbus,annual_report,2024,Airbus_Annual_Report_2024.pdf,448,174,174,6.2.2.4 Policies (E1-2),483,416,2755,Airbus | Airbus_Annual_Report_2024.pdf | page 174,data/raw_pdfs/airbus/Airbus_Annual_Report_2024.pdf,https://www.airbus.com/sites/g/files/jlcbta136/files/2025-04/Airbus%20Annual%20Report%202024.pdf
airbus::Airbus_Annual_Report_2024::0449,Airbus,annual_report,2024,Airbus_Annual_Report_2024.pdf,449,174,175,6.2.2.4 Policies (E1-2),489,404,2700,Airbus | Airbus_Annual_Report_2024.pdf | pages 174-175,data/raw_pdfs/airbus/Airbus_Annual_Report_2024.pdf,https://www.airbus.com/sites/g/files/jlcbta136/files/2025-04/Airbus%20Annual%20Report%202024.pdf
airbus::Airbus_Annual_Report_2024::0450,Airbus,annual_report,2024,Airbus_Annual_Report_2024.pdf,450,175,175,6.2.2.4 Policies (E1-2),465,406,2752,Airbus | Airbus_Annual_Report_2024.pdf | page 175,data/raw_pdfs/airbus/Airbus_Annual_Report_2024.pdf,https://www.airbus.com/sites/g/files/jlcbta136/files/2025-04/Airbus%20Annual%20Report%202024.pdf
airbus::Airbus_Annual_Report_2024::0451,Airbus,annual_report,2024,Airbus_Annual_Report_2024.pdf,451,175,175,6.2.2.4 Policies (E1-2),456,395,2690,Airbus | Airbus_Annual_Report_2024.pdf | page 175,data/raw_pdfs/airbus/Airbus_Annual_Report_2024.pdf,https://www.airbus.com/sites/g/files/jlcbta136/files/2025-04/Airbus%20Annual%20Report%202024.pdf
airbus::Airbus_Annual_Report_2024::0452,Airbus,annual_report,2024,Airbus_Annual_Report_2024.pdf,452,175,176,6.2.2.4 Policies (E1-2),401,337,2435,Airbus | Airbus_Annual_Report_2024.pdf | pages 175-176,data/raw_pdfs/airbus/Airbus_Annual_Report_2024.pdf,https://www.airbus.com/sites/g/files/jlcbta136/files/2025-04/Airbus%20Annual%20Report%202024.pdf
airbus::Airbus_Annual_Report_2024::0453,Airbus,annual_report,2024,Airbus_Annual_Report_2024.pdf,453,176,176,6.2.2.4 Policies (E1-2),432,365,2437,Airbus | Airbus_Annual_Report_2024.pdf | page 176,data/raw_pdfs/airbus/Airbus_Annual_Report_2024.pdf,https://www.airbus.com/sites/g/files/jlcbta136/files/2025-04/Airbus%20Annual%20Report%202024.pdf
airbus::Airbus_Annual_Report_2024::0454,Airbus,annual_report,2024,Airbus_Annual_Report_2024.pdf,454,176,176,6.2.2.4 Policies (E1-2),382,315,2132,Airbus | Airbus_Annual_Report_2024.pdf | page 176,data/raw_pdfs/airbus/Airbus_Annual_Report_2024.pdf,https://www.airbus.com/sites/g/files/jlcbta136/files/2025-04/Airbus%20Annual%20Report%202024.pdf
airbus::Airbus_Annual_Report_2024::0455,Airbus,annual_report,2024,Airbus_Annual_Report_2024.pdf,455,176,176,6.2.2.4 Policies (E1-2),386,321,2201,Airbus | Airbus_Annual_Report_2024.pdf | page 176,data/raw_pdfs/airbus/Airbus_Annual_Report_2024.pdf,https://www.airbus.com/sites/g/files/jlcbta136/files/2025-04/Airbus%20Annual%20Report%202024.pdf
airbus::Airbus_Annual_Report_2024::0456,Airbus,annual_report,2024,Airbus_Annual_Report_2024.pdf,456,176,176,6.2.2.4 Policies (E1-2),403,343,2297,Airbus | Airbus_Annual_Report_2024.pdf | page 176,data/raw_pdfs/airbus/Airbus_Annual_Report_2024.pdf,https://www.airbus.com/sites/g/files/jlcbta136/files/2025-04/Airbus%20Annual%20Report%202024.pdf
airbus::Airbus_Annual_Report_2024::0457,Airbus,annual_report,2024,Airbus_Annual_Report_2024.pdf,457,176,177,6.2.2.4 Policies (E1-2),432,373,2527,Airbus | Airbus_Annual_Report_2024.pdf | pages 176-177,data/raw_pdfs/airbus/Airbus_Annual_Report_2024.pdf,https://www.airbus.com/sites/g/files/jlcbta136/files/2025-04/Airbus%20Annual%20Report%202024.pdf
airbus::Airbus_Annual_Report_2024::0458,Airbus,annual_report,2024,Airbus_Annual_Report_2024.pdf,458,177,177,6.2.2.4 Policies (E1-2),458,396,2634,Airbus | Airbus_Annual_Report_2024.pdf | page 177,data/raw_pdfs/airbus/Airbus_Annual_Report_2024.pdf,https://www.airbus.com/sites/g/files/jlcbta136/files/2025-04/Airbus%20Annual%20Report%202024.pdf
airbus::Airbus_Annual_Report_2024::0459,Airbus,annual_report,2024,Airbus_Annual_Report_2024.pdf,459,177,177,6.2.2.4 Policies (E1-2),466,400,2559,Airbus | Airbus_Annual_Report_2024.pdf | page 177,data/raw_pdfs/airbus/Airbus_Annual_Report_2024.pdf,https://www.airbus.com/sites/g/files/jlcbta136/files/2025-04/Airbus%20Annual%20Report%202024.pdf
airbus::Airbus_Annual_Report_2024::0460,Airbus,annual_report,2024,Airbus_Annual_Report_2024.pdf,460,177,178,6.2.2.4 Policies (E1-2),475,378,2545,Airbus | Airbus_Annual_Report_2024.pdf | pages 177-178,data/raw_pdfs/airbus/Airbus_Annual_Report_2024.pdf,https://www.airbus.com/sites/g/files/jlcbta136/files/2025-04/Airbus%20Annual%20Report%202024.pdf
airbus::Airbus_Annual_Report_2024::0461,Airbus,annual_report,2024,Airbus_Annual_Report_2024.pdf,461,178,178,6.2.2.6 Targets (E1-4),432,336,2078,Airbus | Airbus_Annual_Report_2024.pdf | page 178,data/raw_pdfs/airbus/Airbus_Annual_Report_2024.pdf,https://www.airbus.com/sites/g/files/jlcbta136/files/2025-04/Airbus%20Annual%20Report%202024.pdf
airbus::Airbus_Annual_Report_2024::0462,Airbus,annual_report,2024,Airbus_Annual_Report_2024.pdf,462,178,178,6.2.2.6 Targets (E1-4),483,383,2417,Airbus | Airbus_Annual_Report_2024.pdf | page 178,data/raw_pdfs/airbus/Airbus_Annual_Report_2024.pdf,https://www.airbus.com/sites/g/files/jlcbta136/files/2025-04/Airbus%20Annual%20Report%202024.pdf
airbus::Airbus_Annual_Report_2024::0463,Airbus,annual_report,2024,Airbus_Annual_Report_2024.pdf,463,178,179,6.2.2.6 Targets (E1-4),365,291,1956,Airbus | Airbus_Annual_Report_2024.pdf | pages 178-179,data/raw_pdfs/airbus/Airbus_Annual_Report_2024.pdf,https://www.airbus.com/sites/g/files/jlcbta136/files/2025-04/Airbus%20Annual%20Report%202024.pdf
airbus::Airbus_Annual_Report_2024::0464,Airbus,annual_report,2024,Airbus_Annual_Report_2024.pdf,464,179,179,6.2.2.7 Energy Consumption and Mix (E1-5),491,396,2505,Airbus | Airbus_Annual_Report_2024.pdf | page 179,data/raw_pdfs/airbus/Airbus_Annual_Report_2024.pdf,https://www.airbus.com/sites/g/files/jlcbta136/files/2025-04/Airbus%20Annual%20Report%202024.pdf
airbus::Airbus_Annual_Report_2024::0465,Airbus,annual_report,2024,Airbus_Annual_Report_2024.pdf,465,179,179,6.2.2.7 Energy Consumption and Mix (E1-5),476,377,2600,Airbus | Airbus_Annual_Report_2024.pdf | page 179,data/raw_pdfs/airbus/Airbus_Annual_Report_2024.pdf,https://www.airbus.com/sites/g/files/jlcbta136/files/2025-04/Airbus%20Annual%20Report%202024.pdf
airbus::Airbus_Annual_Report_2024::0466,Airbus,annual_report,2024,Airbus_Annual_Report_2024.pdf,466,179,180,6.2.2.7 Energy Consumption and Mix (E1-5),494,389,2767,Airbus | Airbus_Annual_Report_2024.pdf | pages 179-180,data/raw_pdfs/airbus/Airbus_Annual_Report_2024.pdf,https://www.airbus.com/sites/g/files/jlcbta136/files/2025-04/Airbus%20Annual%20Report%202024.pdf
airbus::Airbus_Annual_Report_2024::0467,Airbus,annual_report,2024,Airbus_Annual_Report_2024.pdf,467,180,181,6.2.2.7 Energy Consumption and Mix (E1-5),443,334,2322,Airbus | Airbus_Annual_Report_2024.pdf | pages 180-181,data/raw_pdfs/airbus/Airbus_Annual_Report_2024.pdf,https://www.airbus.com/sites/g/files/jlcbta136/files/2025-04/Airbus%20Annual%20Report%202024.pdf
airbus::Airbus_Annual_Report_2024::0468,Airbus,annual_report,2024,Airbus_Annual_Report_2024.pdf,468,180,181,6.2.2.7 Energy Consumption and Mix (E1-5),479,390,2659,Airbus | Airbus_Annual_Report_2024.pdf | pages 180-181,data/raw_pdfs/airbus/Airbus_Annual_Report_2024.pdf,https://www.airbus.com/sites/g/files/jlcbta136/files/2025-04/Airbus%20Annual%20Report%202024.pdf
airbus::Airbus_Annual_Report_2024::0469,Airbus,annual_report,2024,Airbus_Annual_Report_2024.pdf,469,181,181,6.2.2.8 GHG Emissions (E1-6),477,379,2504,Airbus | Airbus_Annual_Report_2024.pdf | page 181,data/raw_pdfs/airbus/Airbus_Annual_Report_2024.pdf,https://www.airbus.com/sites/g/files/jlcbta136/files/2025-04/Airbus%20Annual%20Report%202024.pdf
airbus::Airbus_Annual_Report_2024::0470,Airbus,annual_report,2024,Airbus_Annual_Report_2024.pdf,470,181,181,6.2.2.8 GHG Emissions (E1-6),458,382,2483,Airbus | Airbus_Annual_Report_2024.pdf | page 181,data/raw_pdfs/airbus/Airbus_Annual_Report_2024.pdf,https://www.airbus.com/sites/g/files/jlcbta136/files/2025-04/Airbus%20Annual%20Report%202024.pdf
airbus::Airbus_Annual_Report_2024::0471,Airbus,annual_report,2024,Airbus_Annual_Report_2024.pdf,471,181,182,6.2.2.8 GHG Emissions (E1-6),426,370,2469,Airbus | Airbus_Annual_Report_2024.pdf | pages 181-182,data/raw_pdfs/airbus/Airbus_Annual_Report_2024.pdf,https://www.airbus.com/sites/g/files/jlcbta136/files/2025-04/Airbus%20Annual%20Report%202024.pdf
airbus::Airbus_Annual_Report_2024::0472,Airbus,annual_report,2024,Airbus_Annual_Report_2024.pdf,472,182,182,6.2.2.8 GHG Emissions (E1-6),487,403,2527,Airbus | Airbus_Annual_Report_2024.pdf | page 182,data/raw_pdfs/airbus/Airbus_Annual_Report_2024.pdf,https://www.airbus.com/sites/g/files/jlcbta136/files/2025-04/Airbus%20Annual%20Report%202024.pdf
airbus::Airbus_Annual_Report_2024::0473,Airbus,annual_report,2024,Airbus_Annual_Report_2024.pdf,473,182,183,6.2.2.8 GHG Emissions (E1-6),488,399,2584,Airbus | Airbus_Annual_Report_2024.pdf | pages 182-183,data/raw_pdfs/airbus/Airbus_Annual_Report_2024.pdf,https://www.airbus.com/sites/g/files/jlcbta136/files/2025-04/Airbus%20Annual%20Report%202024.pdf
airbus::Airbus_Annual_Report_2024::0474,Airbus,annual_report,2024,Airbus_Annual_Report_2024.pdf,474,182,183,6.2.2.8 GHG Emissions (E1-6),495,393,2324,Airbus | Airbus_Annual_Report_2024.pdf | pages 182-183,data/raw_pdfs/airbus/Airbus_Annual_Report_2024.pdf,https://www.airbus.com/sites/g/files/jlcbta136/files/2025-04/Airbus%20Annual%20Report%202024.pdf
airbus::Airbus_Annual_Report_2024::0475,Airbus,annual_report,2024,Airbus_Annual_Report_2024.pdf,475,183,184,6.2.2.8 GHG Emissions (E1-6),419,330,2145,Airbus | Airbus_Annual_Report_2024.pdf | pages 183-184,data/raw_pdfs/airbus/Airbus_Annual_Report_2024.pdf,https://www.airbus.com/sites/g/files/jlcbta136/files/2025-04/Airbus%20Annual%20Report%202024.pdf
airbus::Airbus_Annual_Report_2024::0476,Airbus,annual_report,2024,Airbus_Annual_Report_2024.pdf,476,184,184,6.2.2.9 GHG removals and carbon credits (E1-7),408,323,2176,Airbus | Airbus_Annual_Report_2024.pdf | page 184,data/raw_pdfs/airbus/Airbus_Annual_Report_2024.pdf,https://www.airbus.com/sites/g/files/jlcbta136/files/2025-04/Airbus%20Annual%20Report%202024.pdf
airbus::Airbus_Annual_Report_2024::0477,Airbus,annual_report,2024,Airbus_Annual_Report_2024.pdf,477,184,184,6.2.2.9 GHG removals and carbon credits (E1-7),383,310,2091,Airbus | Airbus_Annual_Report_2024.pdf | page 184,data/raw_pdfs/airbus/Airbus_Annual_Report_2024.pdf,https://www.airbus.com/sites/g/files/jlcbta136/files/2025-04/Airbus%20Annual%20Report%202024.pdf
airbus::Airbus_Annual_Report_2024::0478,Airbus,annual_report,2024,Airbus_Annual_Report_2024.pdf,478,184,184,6.2.2.9 GHG removals and carbon credits (E1-7),456,398,2586,Airbus | Airbus_Annual_Report_2024.pdf | page 184,data/raw_pdfs/airbus/Airbus_Annual_Report_2024.pdf,https://www.airbus.com/sites/g/files/jlcbta136/files/2025-04/Airbus%20Annual%20Report%202024.pdf
airbus::Airbus_Annual_Report_2024::0479,Airbus,annual_report,2024,Airbus_Annual_Report_2024.pdf,479,184,185,6.2.2.9 GHG removals and carbon credits (E1-7),492,425,2850,Airbus | Airbus_Annual_Report_2024.pdf | pages 184-185,data/raw_pdfs/airbus/Airbus_Annual_Report_2024.pdf,https://www.airbus.com/sites/g/files/jlcbta136/files/2025-04/Airbus%20Annual%20Report%202024.pdf
airbus::Airbus_Annual_Report_2024::0480,Airbus,annual_report,2024,Airbus_Annual_Report_2024.pdf,480,185,185,6.2.3 ESRS E2 - Pollution,491,407,2777,Airbus | Airbus_Annual_Report_2024.pdf | page 185,data/raw_pdfs/airbus/Airbus_Annual_Report_2024.pdf,https://www.airbus.com/sites/g/files/jlcbta136/files/2025-04/Airbus%20Annual%20Report%202024.pdf
airbus::Airbus_Annual_Report_2024::0481,Airbus,annual_report,2024,Airbus_Annual_Report_2024.pdf,481,185,186,6.2.3 ESRS E2 - Pollution,402,313,2270,Airbus | Airbus_Annual_Report_2024.pdf | pages 185-186,data/raw_pdfs/airbus/Airbus_Annual_Report_2024.pdf,https://www.airbus.com/sites/g/files/jlcbta136/files/2025-04/Airbus%20Annual%20Report%202024.pdf
airbus::Airbus_Annual_Report_2024::0482,Airbus,annual_report,2024,Airbus_Annual_Report_2024.pdf,482,186,186,6.2.3 ESRS E2 - Pollution,434,364,2589,Airbus | Airbus_Annual_Report_2024.pdf | page 186,data/raw_pdfs/airbus/Airbus_Annual_Report_2024.pdf,https://www.airbus.com/sites/g/files/jlcbta136/files/2025-04/Airbus%20Annual%20Report%202024.pdf
airbus::Airbus_Annual_Report_2024::0483,Airbus,annual_report,2024,Airbus_Annual_Report_2024.pdf,483,186,186,6.2.3 ESRS E2 - Pollution,465,391,2913,Airbus | Airbus_Annual_Report_2024.pdf | page 186,data/raw_pdfs/airbus/Airbus_Annual_Report_2024.pdf,https://www.airbus.com/sites/g/files/jlcbta136/files/2025-04/Airbus%20Annual%20Report%202024.pdf
airbus::Airbus_Annual_Report_2024::0484,Airbus,annual_report,2024,Airbus_Annual_Report_2024.pdf,484,186,187,6.2.3 ESRS E2 - Pollution,475,387,2722,Airbus | Airbus_Annual_Report_2024.pdf | pages 186-187,data/raw_pdfs/airbus/Airbus_Annual_Report_2024.pdf,https://www.airbus.com/sites/g/files/jlcbta136/files/2025-04/Airbus%20Annual%20Report%202024.pdf
airbus::Airbus_Annual_Report_2024::0485,Airbus,annual_report,2024,Airbus_Annual_Report_2024.pdf,485,187,187,6.2.3.3 Pollution of Air,464,369,2559,Airbus | Airbus_Annual_Report_2024.pdf | page 187,data/raw_pdfs/airbus/Airbus_Annual_Report_2024.pdf,https://www.airbus.com/sites/g/files/jlcbta136/files/2025-04/Airbus%20Annual%20Report%202024.pdf
airbus::Airbus_Annual_Report_2024::0486,Airbus,annual_report,2024,Airbus_Annual_Report_2024.pdf,486,187,187,6.2.3.3 Pollution of Air,463,362,2662,Airbus | Airbus_Annual_Report_2024.pdf | page 187,data/raw_pdfs/airbus/Airbus_Annual_Report_2024.pdf,https://www.airbus.com/sites/g/files/jlcbta136/files/2025-04/Airbus%20Annual%20Report%202024.pdf
airbus::Airbus_Annual_Report_2024::0487,Airbus,annual_report,2024,Airbus_Annual_Report_2024.pdf,487,187,188,6.2.3.3 Pollution of Air,492,366,2583,Airbus | Airbus_Annual_Report_2024.pdf | pages 187-188,data/raw_pdfs/airbus/Airbus_Annual_Report_2024.pdf,https://www.airbus.com/sites/g/files/jlcbta136/files/2025-04/Airbus%20Annual%20Report%202024.pdf
airbus::Airbus_Annual_Report_2024::0488,Airbus,annual_report,2024,Airbus_Annual_Report_2024.pdf,488,188,188,6.2.3.4 Pollution of water and pollution of living,331,255,1706,Airbus | Airbus_Annual_Report_2024.pdf | page 188,data/raw_pdfs/airbus/Airbus_Annual_Report_2024.pdf,https://www.airbus.com/sites/g/files/jlcbta136/files/2025-04/Airbus%20Annual%20Report%202024.pdf
airbus::Airbus_Annual_Report_2024::0489,Airbus,annual_report,2024,Airbus_Annual_Report_2024.pdf,489,188,188,6.2.3.4 Pollution of water and pollution of living,496,387,2635,Airbus | Airbus_Annual_Report_2024.pdf | page 188,data/raw_pdfs/airbus/Airbus_Annual_Report_2024.pdf,https://www.airbus.com/sites/g/files/jlcbta136/files/2025-04/Airbus%20Annual%20Report%202024.pdf
airbus::Airbus_Annual_Report_2024::0490,Airbus,annual_report,2024,Airbus_Annual_Report_2024.pdf,490,188,189,6.2.3.4 Pollution of water and pollution of living,499,390,2675,Airbus | Airbus_Annual_Report_2024.pdf | pages 188-189,data/raw_pdfs/airbus/Airbus_Annual_Report_2024.pdf,https://www.airbus.com/sites/g/files/jlcbta136/files/2025-04/Airbus%20Annual%20Report%202024.pdf
airbus::Airbus_Annual_Report_2024::0491,Airbus,annual_report,2024,Airbus_Annual_Report_2024.pdf,491,188,189,6.2.3.4 Pollution of water and pollution of living,464,370,2534,Airbus | Airbus_Annual_Report_2024.pdf | pages 188-189,data/raw_pdfs/airbus/Airbus_Annual_Report_2024.pdf,https://www.airbus.com/sites/g/files/jlcbta136/files/2025-04/Airbus%20Annual%20Report%202024.pdf
airbus::Airbus_Annual_Report_2024::0492,Airbus,annual_report,2024,Airbus_Annual_Report_2024.pdf,492,189,189,6.2.4.2 Policies (E3-1),446,351,2426,Airbus | Airbus_Annual_Report_2024.pdf | page 189,data/raw_pdfs/airbus/Airbus_Annual_Report_2024.pdf,https://www.airbus.com/sites/g/files/jlcbta136/files/2025-04/Airbus%20Annual%20Report%202024.pdf
airbus::Airbus_Annual_Report_2024::0493,Airbus,annual_report,2024,Airbus_Annual_Report_2024.pdf,493,189,189,6.2.4.2 Policies (E3-1),381,284,1929,Airbus | Airbus_Annual_Report_2024.pdf | page 189,data/raw_pdfs/airbus/Airbus_Annual_Report_2024.pdf,https://www.airbus.com/sites/g/files/jlcbta136/files/2025-04/Airbus%20Annual%20Report%202024.pdf
airbus::Airbus_Annual_Report_2024::0494,Airbus,annual_report,2024,Airbus_Annual_Report_2024.pdf,494,189,190,6.2.4.2 Policies (E3-1),497,404,2799,Airbus | Airbus_Annual_Report_2024.pdf | pages 189-190,data/raw_pdfs/airbus/Airbus_Annual_Report_2024.pdf,https://www.airbus.com/sites/g/files/jlcbta136/files/2025-04/Airbus%20Annual%20Report%202024.pdf
airbus::Airbus_Annual_Report_2024::0495,Airbus,annual_report,2024,Airbus_Annual_Report_2024.pdf,495,189,190,6.2.4.2 Policies (E3-1),465,350,2325,Airbus | Airbus_Annual_Report_2024.pdf | pages 189-190,data/raw_pdfs/airbus/Airbus_Annual_Report_2024.pdf,https://www.airbus.com/sites/g/files/jlcbta136/files/2025-04/Airbus%20Annual%20Report%202024.pdf
airbus::Airbus_Annual_Report_2024::0496,Airbus,annual_report,2024,Airbus_Annual_Report_2024.pdf,496,190,190,6.2.4.5 Metrics (E3-4),196,128,855,Airbus | Airbus_Annual_Report_2024.pdf | page 190,data/raw_pdfs/airbus/Airbus_Annual_Report_2024.pdf,https://www.airbus.com/sites/g/files/jlcbta136/files/2025-04/Airbus%20Annual%20Report%202024.pdf
airbus::Airbus_Annual_Report_2024::0497,Airbus,annual_report,2024,Airbus_Annual_Report_2024.pdf,497,190,190,6.2.4.5 Metrics (E3-4),480,374,2544,Airbus | Airbus_Annual_Report_2024.pdf | page 190,data/raw_pdfs/airbus/Airbus_Annual_Report_2024.pdf,https://www.airbus.com/sites/g/files/jlcbta136/files/2025-04/Airbus%20Annual%20Report%202024.pdf
airbus::Airbus_Annual_Report_2024::0498,Airbus,annual_report,2024,Airbus_Annual_Report_2024.pdf,498,190,191,6.2.4.5 Metrics (E3-4),483,372,2640,Airbus | Airbus_Annual_Report_2024.pdf | pages 190-191,data/raw_pdfs/airbus/Airbus_Annual_Report_2024.pdf,https://www.airbus.com/sites/g/files/jlcbta136/files/2025-04/Airbus%20Annual%20Report%202024.pdf
airbus::Airbus_Annual_Report_2024::0499,Airbus,annual_report,2024,Airbus_Annual_Report_2024.pdf,499,190,191,6.2.4.5 Metrics (E3-4),495,332,2459,Airbus | Airbus_Annual_Report_2024.pdf | pages 190-191,data/raw_pdfs/airbus/Airbus_Annual_Report_2024.pdf,https://www.airbus.com/sites/g/files/jlcbta136/files/2025-04/Airbus%20Annual%20Report%202024.pdf
airbus::Airbus_Annual_Report_2024::0500,Airbus,annual_report,2024,Airbus_Annual_Report_2024.pdf,500,191,192,6.2.5 ESRS E4 - Biodiversity and ecosystems,466,344,2388,Airbus | Airbus_Annual_Report_2024.pdf | pages 191-192,data/raw_pdfs/airbus/Airbus_Annual_Report_2024.pdf,https://www.airbus.com/sites/g/files/jlcbta136/files/2025-04/Airbus%20Annual%20Report%202024.pdf
airbus::Airbus_Annual_Report_2024::0501,Airbus,annual_report,2024,Airbus_Annual_Report_2024.pdf,501,191,192,6.2.5 ESRS E4 - Biodiversity and ecosystems,490,396,2742,Airbus | Airbus_Annual_Report_2024.pdf | pages 191-192,data/raw_pdfs/airbus/Airbus_Annual_Report_2024.pdf,https://www.airbus.com/sites/g/files/jlcbta136/files/2025-04/Airbus%20Annual%20Report%202024.pdf
airbus::Airbus_Annual_Report_2024::0502,Airbus,annual_report,2024,Airbus_Annual_Report_2024.pdf,502,192,192,6.2.6.1 Resource Use and Circular Economy IROs,484,382,2726,Airbus | Airbus_Annual_Report_2024.pdf | page 192,data/raw_pdfs/airbus/Airbus_Annual_Report_2024.pdf,https://www.airbus.com/sites/g/files/jlcbta136/files/2025-04/Airbus%20Annual%20Report%202024.pdf
airbus::Airbus_Annual_Report_2024::0503,Airbus,annual_report,2024,Airbus_Annual_Report_2024.pdf,503,192,193,6.2.6.1 Resource Use and Circular Economy IROs,423,326,2382,Airbus | Airbus_Annual_Report_2024.pdf | pages 192-193,data/raw_pdfs/airbus/Airbus_Annual_Report_2024.pdf,https://www.airbus.com/sites/g/files/jlcbta136/files/2025-04/Airbus%20Annual%20Report%202024.pdf
airbus::Airbus_Annual_Report_2024::0504,Airbus,annual_report,2024,Airbus_Annual_Report_2024.pdf,504,193,193,6.2.6.3 Resource inflows,435,316,2287,Airbus | Airbus_Annual_Report_2024.pdf | page 193,data/raw_pdfs/airbus/Airbus_Annual_Report_2024.pdf,https://www.airbus.com/sites/g/files/jlcbta136/files/2025-04/Airbus%20Annual%20Report%202024.pdf
airbus::Airbus_Annual_Report_2024::0505,Airbus,annual_report,2024,Airbus_Annual_Report_2024.pdf,505,193,193,6.2.6.3 Resource inflows,473,367,2655,Airbus | Airbus_Annual_Report_2024.pdf | page 193,data/raw_pdfs/airbus/Airbus_Annual_Report_2024.pdf,https://www.airbus.com/sites/g/files/jlcbta136/files/2025-04/Airbus%20Annual%20Report%202024.pdf
airbus::Airbus_Annual_Report_2024::0506,Airbus,annual_report,2024,Airbus_Annual_Report_2024.pdf,506,193,193,6.2.6.3 Resource inflows,426,372,2582,Airbus | Airbus_Annual_Report_2024.pdf | page 193,data/raw_pdfs/airbus/Airbus_Annual_Report_2024.pdf,https://www.airbus.com/sites/g/files/jlcbta136/files/2025-04/Airbus%20Annual%20Report%202024.pdf
airbus::Airbus_Annual_Report_2024::0507,Airbus,annual_report,2024,Airbus_Annual_Report_2024.pdf,507,193,194,6.2.6.3 Resource inflows,457,375,2618,Airbus | Airbus_Annual_Report_2024.pdf | pages 193-194,data/raw_pdfs/airbus/Airbus_Annual_Report_2024.pdf,https://www.airbus.com/sites/g/files/jlcbta136/files/2025-04/Airbus%20Annual%20Report%202024.pdf
airbus::Airbus_Annual_Report_2024::0508,Airbus,annual_report,2024,Airbus_Annual_Report_2024.pdf,508,194,194,6.2.6.3 Resource inflows,429,323,2169,Airbus | Airbus_Annual_Report_2024.pdf | page 194,data/raw_pdfs/airbus/Airbus_Annual_Report_2024.pdf,https://www.airbus.com/sites/g/files/jlcbta136/files/2025-04/Airbus%20Annual%20Report%202024.pdf
airbus::Airbus_Annual_Report_2024::0509,Airbus,annual_report,2024,Airbus_Annual_Report_2024.pdf,509,194,194,6.2.6.3 Resource inflows,496,407,2789,Airbus | Airbus_Annual_Report_2024.pdf | page 194,data/raw_pdfs/airbus/Airbus_Annual_Report_2024.pdf,https://www.airbus.com/sites/g/files/jlcbta136/files/2025-04/Airbus%20Annual%20Report%202024.pdf
airbus::Airbus_Annual_Report_2024::0510,Airbus,annual_report,2024,Airbus_Annual_Report_2024.pdf,510,194,195,6.2.6.3 Resource inflows,492,362,2548,Airbus | Airbus_Annual_Report_2024.pdf | pages 194-195,data/raw_pdfs/airbus/Airbus_Annual_Report_2024.pdf,https://www.airbus.com/sites/g/files/jlcbta136/files/2025-04/Airbus%20Annual%20Report%202024.pdf
airbus::Airbus_Annual_Report_2024::0511,Airbus,annual_report,2024,Airbus_Annual_Report_2024.pdf,511,195,195,6.2.6.3 Resource inflows,479,340,2233,Airbus | Airbus_Annual_Report_2024.pdf | page 195,data/raw_pdfs/airbus/Airbus_Annual_Report_2024.pdf,https://www.airbus.com/sites/g/files/jlcbta136/files/2025-04/Airbus%20Annual%20Report%202024.pdf
airbus::Airbus_Annual_Report_2024::0512,Airbus,annual_report,2024,Airbus_Annual_Report_2024.pdf,512,195,196,6.2.6.3 Resource inflows,374,283,1904,Airbus | Airbus_Annual_Report_2024.pdf | pages 195-196,data/raw_pdfs/airbus/Airbus_Annual_Report_2024.pdf,https://www.airbus.com/sites/g/files/jlcbta136/files/2025-04/Airbus%20Annual%20Report%202024.pdf
airbus::Airbus_Annual_Report_2024::0513,Airbus,annual_report,2024,Airbus_Annual_Report_2024.pdf,513,196,196,6.2.7 EU Taxonomy - Disclosures,448,381,2584,Airbus | Airbus_Annual_Report_2024.pdf | page 196,data/raw_pdfs/airbus/Airbus_Annual_Report_2024.pdf,https://www.airbus.com/sites/g/files/jlcbta136/files/2025-04/Airbus%20Annual%20Report%202024.pdf
airbus::Airbus_Annual_Report_2024::0514,Airbus,annual_report,2024,Airbus_Annual_Report_2024.pdf,514,196,196,6.2.7 EU Taxonomy - Disclosures,452,366,2564,Airbus | Airbus_Annual_Report_2024.pdf | page 196,data/raw_pdfs/airbus/Airbus_Annual_Report_2024.pdf,https://www.airbus.com/sites/g/files/jlcbta136/files/2025-04/Airbus%20Annual%20Report%202024.pdf
airbus::Airbus_Annual_Report_2024::0515,Airbus,annual_report,2024,Airbus_Annual_Report_2024.pdf,515,196,196,6.2.7 EU Taxonomy - Disclosures,364,288,2092,Airbus | Airbus_Annual_Report_2024.pdf | page 196,data/raw_pdfs/airbus/Airbus_Annual_Report_2024.pdf,https://www.airbus.com/sites/g/files/jlcbta136/files/2025-04/Airbus%20Annual%20Report%202024.pdf
airbus::Airbus_Annual_Report_2024::0516,Airbus,annual_report,2024,Airbus_Annual_Report_2024.pdf,516,196,197,6.2.7 EU Taxonomy - Disclosures,478,340,2493,Airbus | Airbus_Annual_Report_2024.pdf | pages 196-197,data/raw_pdfs/airbus/Airbus_Annual_Report_2024.pdf,https://www.airbus.com/sites/g/files/jlcbta136/files/2025-04/Airbus%20Annual%20Report%202024.pdf
airbus::Airbus_Annual_Report_2024::0517,Airbus,annual_report,2024,Airbus_Annual_Report_2024.pdf,517,196,197,6.2.7 EU Taxonomy - Disclosures,400,303,2093,Airbus | Airbus_Annual_Report_2024.pdf | pages 196-197,data/raw_pdfs/airbus/Airbus_Annual_Report_2024.pdf,https://www.airbus.com/sites/g/files/jlcbta136/files/2025-04/Airbus%20Annual%20Report%202024.pdf
airbus::Airbus_Annual_Report_2024::0518,Airbus,annual_report,2024,Airbus_Annual_Report_2024.pdf,518,197,197,6.2.7 EU Taxonomy - Disclosures,410,344,2299,Airbus | Airbus_Annual_Report_2024.pdf | page 197,data/raw_pdfs/airbus/Airbus_Annual_Report_2024.pdf,https://www.airbus.com/sites/g/files/jlcbta136/files/2025-04/Airbus%20Annual%20Report%202024.pdf
airbus::Airbus_Annual_Report_2024::0519,Airbus,annual_report,2024,Airbus_Annual_Report_2024.pdf,519,197,197,6.2.7 EU Taxonomy - Disclosures,413,340,2371,Airbus | Airbus_Annual_Report_2024.pdf | page 197,data/raw_pdfs/airbus/Airbus_Annual_Report_2024.pdf,https://www.airbus.com/sites/g/files/jlcbta136/files/2025-04/Airbus%20Annual%20Report%202024.pdf
airbus::Airbus_Annual_Report_2024::0520,Airbus,annual_report,2024,Airbus_Annual_Report_2024.pdf,520,197,197,6.2.7 EU Taxonomy - Disclosures,455,392,2690,Airbus | Airbus_Annual_Report_2024.pdf | page 197,data/raw_pdfs/airbus/Airbus_Annual_Report_2024.pdf,https://www.airbus.com/sites/g/files/jlcbta136/files/2025-04/Airbus%20Annual%20Report%202024.pdf
airbus::Airbus_Annual_Report_2024::0521,Airbus,annual_report,2024,Airbus_Annual_Report_2024.pdf,521,197,197,6.2.7 EU Taxonomy - Disclosures,336,298,1932,Airbus | Airbus_Annual_Report_2024.pdf | page 197,data/raw_pdfs/airbus/Airbus_Annual_Report_2024.pdf,https://www.airbus.com/sites/g/files/jlcbta136/files/2025-04/Airbus%20Annual%20Report%202024.pdf
airbus::Airbus_Annual_Report_2024::0522,Airbus,annual_report,2024,Airbus_Annual_Report_2024.pdf,522,197,198,6.2.7 EU Taxonomy - Disclosures,471,388,2396,Airbus | Airbus_Annual_Report_2024.pdf | pages 197-198,data/raw_pdfs/airbus/Airbus_Annual_Report_2024.pdf,https://www.airbus.com/sites/g/files/jlcbta136/files/2025-04/Airbus%20Annual%20Report%202024.pdf
airbus::Airbus_Annual_Report_2024::0523,Airbus,annual_report,2024,Airbus_Annual_Report_2024.pdf,523,197,198,6.2.7 EU Taxonomy - Disclosures,417,332,2060,Airbus | Airbus_Annual_Report_2024.pdf | pages 197-198,data/raw_pdfs/airbus/Airbus_Annual_Report_2024.pdf,https://www.airbus.com/sites/g/files/jlcbta136/files/2025-04/Airbus%20Annual%20Report%202024.pdf
airbus::Airbus_Annual_Report_2024::0524,Airbus,annual_report,2024,Airbus_Annual_Report_2024.pdf,524,198,198,6.2.7 EU Taxonomy - Disclosures,490,413,2814,Airbus | Airbus_Annual_Report_2024.pdf | page 198,data/raw_pdfs/airbus/Airbus_Annual_Report_2024.pdf,https://www.airbus.com/sites/g/files/jlcbta136/files/2025-04/Airbus%20Annual%20Report%202024.pdf
airbus::Airbus_Annual_Report_2024::0525,Airbus,annual_report,2024,Airbus_Annual_Report_2024.pdf,525,198,198,6.2.7 EU Taxonomy - Disclosures,425,361,2410,Airbus | Airbus_Annual_Report_2024.pdf | page 198,data/raw_pdfs/airbus/Airbus_Annual_Report_2024.pdf,https://www.airbus.com/sites/g/files/jlcbta136/files/2025-04/Airbus%20Annual%20Report%202024.pdf
airbus::Airbus_Annual_Report_2024::0526,Airbus,annual_report,2024,Airbus_Annual_Report_2024.pdf,526,198,198,6.2.7 EU Taxonomy - Disclosures,473,380,2605,Airbus | Airbus_Annual_Report_2024.pdf | page 198,data/raw_pdfs/airbus/Airbus_Annual_Report_2024.pdf,https://www.airbus.com/sites/g/files/jlcbta136/files/2025-04/Airbus%20Annual%20Report%202024.pdf
airbus::Airbus_Annual_Report_2024::0527,Airbus,annual_report,2024,Airbus_Annual_Report_2024.pdf,527,198,199,6.2.7 EU Taxonomy - Disclosures,434,330,2392,Airbus | Airbus_Annual_Report_2024.pdf | pages 198-199,data/raw_pdfs/airbus/Airbus_Annual_Report_2024.pdf,https://www.airbus.com/sites/g/files/jlcbta136/files/2025-04/Airbus%20Annual%20Report%202024.pdf
airbus::Airbus_Annual_Report_2024::0528,Airbus,annual_report,2024,Airbus_Annual_Report_2024.pdf,528,199,200,6.2.7 EU Taxonomy - Disclosures,496,376,2536,Airbus | Airbus_Annual_Report_2024.pdf | pages 199-200,data/raw_pdfs/airbus/Airbus_Annual_Report_2024.pdf,https://www.airbus.com/sites/g/files/jlcbta136/files/2025-04/Airbus%20Annual%20Report%202024.pdf
airbus::Airbus_Annual_Report_2024::0529,Airbus,annual_report,2024,Airbus_Annual_Report_2024.pdf,529,200,200,6.2.7 EU Taxonomy - Disclosures,492,259,1529,Airbus | Airbus_Annual_Report_2024.pdf | page 200,data/raw_pdfs/airbus/Airbus_Annual_Report_2024.pdf,https://www.airbus.com/sites/g/files/jlcbta136/files/2025-04/Airbus%20Annual%20Report%202024.pdf
airbus::Airbus_Annual_Report_2024::0530,Airbus,annual_report,2024,Airbus_Annual_Report_2024.pdf,530,200,200,6.2.7 EU Taxonomy - Disclosures,109,83,558,Airbus | Airbus_Annual_Report_2024.pdf | page 200,data/raw_pdfs/airbus/Airbus_Annual_Report_2024.pdf,https://www.airbus.com/sites/g/files/jlcbta136/files/2025-04/Airbus%20Annual%20Report%202024.pdf
airbus::Airbus_Annual_Report_2024::0531,Airbus,annual_report,2024,Airbus_Annual_Report_2024.pdf,531,200,200,6.2.7 EU Taxonomy - Disclosures,80,70,475,Airbus | Airbus_Annual_Report_2024.pdf | page 200,data/raw_pdfs/airbus/Airbus_Annual_Report_2024.pdf,https://www.airbus.com/sites/g/files/jlcbta136/files/2025-04/Airbus%20Annual%20Report%202024.pdf
airbus::Airbus_Annual_Report_2024::0532,Airbus,annual_report,2024,Airbus_Annual_Report_2024.pdf,532,200,200,6.2.7 EU Taxonomy - Disclosures,74,66,431,Airbus | Airbus_Annual_Report_2024.pdf | page 200,data/raw_pdfs/airbus/Airbus_Annual_Report_2024.pdf,https://www.airbus.com/sites/g/files/jlcbta136/files/2025-04/Airbus%20Annual%20Report%202024.pdf
airbus::Airbus_Annual_Report_2024::0533,Airbus,annual_report,2024,Airbus_Annual_Report_2024.pdf,533,200,200,6.2.7 EU Taxonomy - Disclosures,496,386,2560,Airbus | Airbus_Annual_Report_2024.pdf | page 200,data/raw_pdfs/airbus/Airbus_Annual_Report_2024.pdf,https://www.airbus.com/sites/g/files/jlcbta136/files/2025-04/Airbus%20Annual%20Report%202024.pdf
airbus::Airbus_Annual_Report_2024::0534,Airbus,annual_report,2024,Airbus_Annual_Report_2024.pdf,534,200,201,6.2.7 EU Taxonomy - Disclosures,496,377,2604,Airbus | Airbus_Annual_Report_2024.pdf | pages 200-201,data/raw_pdfs/airbus/Airbus_Annual_Report_2024.pdf,https://www.airbus.com/sites/g/files/jlcbta136/files/2025-04/Airbus%20Annual%20Report%202024.pdf
airbus::Airbus_Annual_Report_2024::0535,Airbus,annual_report,2024,Airbus_Annual_Report_2024.pdf,535,201,201,6.2.7 EU Taxonomy - Disclosures,489,250,1509,Airbus | Airbus_Annual_Report_2024.pdf | page 201,data/raw_pdfs/airbus/Airbus_Annual_Report_2024.pdf,https://www.airbus.com/sites/g/files/jlcbta136/files/2025-04/Airbus%20Annual%20Report%202024.pdf
airbus::Airbus_Annual_Report_2024::0536,Airbus,annual_report,2024,Airbus_Annual_Report_2024.pdf,536,201,201,6.2.7 EU Taxonomy - Disclosures,324,202,1223,Airbus | Airbus_Annual_Report_2024.pdf | page 201,data/raw_pdfs/airbus/Airbus_Annual_Report_2024.pdf,https://www.airbus.com/sites/g/files/jlcbta136/files/2025-04/Airbus%20Annual%20Report%202024.pdf
airbus::Airbus_Annual_Report_2024::0537,Airbus,annual_report,2024,Airbus_Annual_Report_2024.pdf,537,201,201,6.2.7 EU Taxonomy - Disclosures,81,67,439,Airbus | Airbus_Annual_Report_2024.pdf | page 201,data/raw_pdfs/airbus/Airbus_Annual_Report_2024.pdf,https://www.airbus.com/sites/g/files/jlcbta136/files/2025-04/Airbus%20Annual%20Report%202024.pdf
airbus::Airbus_Annual_Report_2024::0538,Airbus,annual_report,2024,Airbus_Annual_Report_2024.pdf,538,201,201,6.2.7 EU Taxonomy - Disclosures,496,386,2559,Airbus | Airbus_Annual_Report_2024.pdf | page 201,data/raw_pdfs/airbus/Airbus_Annual_Report_2024.pdf,https://www.airbus.com/sites/g/files/jlcbta136/files/2025-04/Airbus%20Annual%20Report%202024.pdf
airbus::Airbus_Annual_Report_2024::0539,Airbus,annual_report,2024,Airbus_Annual_Report_2024.pdf,539,201,202,6.2.7 EU Taxonomy - Disclosures,500,382,2620,Airbus | Airbus_Annual_Report_2024.pdf | pages 201-202,data/raw_pdfs/airbus/Airbus_Annual_Report_2024.pdf,https://www.airbus.com/sites/g/files/jlcbta136/files/2025-04/Airbus%20Annual%20Report%202024.pdf
airbus::Airbus_Annual_Report_2024::0540,Airbus,annual_report,2024,Airbus_Annual_Report_2024.pdf,540,202,202,6.2.7 EU Taxonomy - Disclosures,491,256,1562,Airbus | Airbus_Annual_Report_2024.pdf | page 202,data/raw_pdfs/airbus/Airbus_Annual_Report_2024.pdf,https://www.airbus.com/sites/g/files/jlcbta136/files/2025-04/Airbus%20Annual%20Report%202024.pdf
airbus::Airbus_Annual_Report_2024::0541,Airbus,annual_report,2024,Airbus_Annual_Report_2024.pdf,541,202,202,6.2.7 EU Taxonomy - Disclosures,195,131,807,Airbus | Airbus_Annual_Report_2024.pdf | page 202,data/raw_pdfs/airbus/Airbus_Annual_Report_2024.pdf,https://www.airbus.com/sites/g/files/jlcbta136/files/2025-04/Airbus%20Annual%20Report%202024.pdf
airbus::Airbus_Annual_Report_2024::0542,Airbus,annual_report,2024,Airbus_Annual_Report_2024.pdf,542,202,202,6.2.7 EU Taxonomy - Disclosures,86,73,482,Airbus | Airbus_Annual_Report_2024.pdf | page 202,data/raw_pdfs/airbus/Airbus_Annual_Report_2024.pdf,https://www.airbus.com/sites/g/files/jlcbta136/files/2025-04/Airbus%20Annual%20Report%202024.pdf
airbus::Airbus_Annual_Report_2024::0543,Airbus,annual_report,2024,Airbus_Annual_Report_2024.pdf,543,202,202,6.2.7 EU Taxonomy - Disclosures,74,66,430,Airbus | Airbus_Annual_Report_2024.pdf | page 202,data/raw_pdfs/airbus/Airbus_Annual_Report_2024.pdf,https://www.airbus.com/sites/g/files/jlcbta136/files/2025-04/Airbus%20Annual%20Report%202024.pdf
airbus::Airbus_Annual_Report_2024::0544,Airbus,annual_report,2024,Airbus_Annual_Report_2024.pdf,544,202,202,6.2.7 EU Taxonomy - Disclosures,68,63,412,Airbus | Airbus_Annual_Report_2024.pdf | page 202,data/raw_pdfs/airbus/Airbus_Annual_Report_2024.pdf,https://www.airbus.com/sites/g/files/jlcbta136/files/2025-04/Airbus%20Annual%20Report%202024.pdf
airbus::Airbus_Annual_Report_2024::0545,Airbus,annual_report,2024,Airbus_Annual_Report_2024.pdf,545,202,202,6.2.7 EU Taxonomy - Disclosures,490,383,2541,Airbus | Airbus_Annual_Report_2024.pdf | page 202,data/raw_pdfs/airbus/Airbus_Annual_Report_2024.pdf,https://www.airbus.com/sites/g/files/jlcbta136/files/2025-04/Airbus%20Annual%20Report%202024.pdf
airbus::Airbus_Annual_Report_2024::0546,Airbus,annual_report,2024,Airbus_Annual_Report_2024.pdf,546,202,203,6.2.7 EU Taxonomy - Disclosures,500,388,2645,Airbus | Airbus_Annual_Report_2024.pdf | pages 202-203,data/raw_pdfs/airbus/Airbus_Annual_Report_2024.pdf,https://www.airbus.com/sites/g/files/jlcbta136/files/2025-04/Airbus%20Annual%20Report%202024.pdf
airbus::Airbus_Annual_Report_2024::0547,Airbus,annual_report,2024,Airbus_Annual_Report_2024.pdf,547,203,203,6.2.7.3 Alignment assessment - conditional use of substances,492,376,2626,Airbus | Airbus_Annual_Report_2024.pdf | page 203,data/raw_pdfs/airbus/Airbus_Annual_Report_2024.pdf,https://www.airbus.com/sites/g/files/jlcbta136/files/2025-04/Airbus%20Annual%20Report%202024.pdf
airbus::Airbus_Annual_Report_2024::0548,Airbus,annual_report,2024,Airbus_Annual_Report_2024.pdf,548,203,204,6.2.7.3 Alignment assessment - conditional use of substances,453,332,2251,Airbus | Airbus_Annual_Report_2024.pdf | pages 203-204,data/raw_pdfs/airbus/Airbus_Annual_Report_2024.pdf,https://www.airbus.com/sites/g/files/jlcbta136/files/2025-04/Airbus%20Annual%20Report%202024.pdf
airbus::Airbus_Annual_Report_2024::0549,Airbus,annual_report,2024,Airbus_Annual_Report_2024.pdf,549,204,204,6.3 Social Information,464,399,2758,Airbus | Airbus_Annual_Report_2024.pdf | page 204,data/raw_pdfs/airbus/Airbus_Annual_Report_2024.pdf,https://www.airbus.com/sites/g/files/jlcbta136/files/2025-04/Airbus%20Annual%20Report%202024.pdf
airbus::Airbus_Annual_Report_2024::0550,Airbus,annual_report,2024,Airbus_Annual_Report_2024.pdf,550,204,204,6.3 Social Information,441,369,2599,Airbus | Airbus_Annual_Report_2024.pdf | page 204,data/raw_pdfs/airbus/Airbus_Annual_Report_2024.pdf,https://www.airbus.com/sites/g/files/jlcbta136/files/2025-04/Airbus%20Annual%20Report%202024.pdf
airbus::Airbus_Annual_Report_2024::0551,Airbus,annual_report,2024,Airbus_Annual_Report_2024.pdf,551,204,205,6.3 Social Information,495,411,2990,Airbus | Airbus_Annual_Report_2024.pdf | pages 204-205,data/raw_pdfs/airbus/Airbus_Annual_Report_2024.pdf,https://www.airbus.com/sites/g/files/jlcbta136/files/2025-04/Airbus%20Annual%20Report%202024.pdf
airbus::Airbus_Annual_Report_2024::0552,Airbus,annual_report,2024,Airbus_Annual_Report_2024.pdf,552,205,205,6.3.2 ESRS S1 - Own workforce,443,372,2611,Airbus | Airbus_Annual_Report_2024.pdf | page 205,data/raw_pdfs/airbus/Airbus_Annual_Report_2024.pdf,https://www.airbus.com/sites/g/files/jlcbta136/files/2025-04/Airbus%20Annual%20Report%202024.pdf
airbus::Airbus_Annual_Report_2024::0553,Airbus,annual_report,2024,Airbus_Annual_Report_2024.pdf,553,205,206,6.3.2 ESRS S1 - Own workforce,477,391,2637,Airbus | Airbus_Annual_Report_2024.pdf | pages 205-206,data/raw_pdfs/airbus/Airbus_Annual_Report_2024.pdf,https://www.airbus.com/sites/g/files/jlcbta136/files/2025-04/Airbus%20Annual%20Report%202024.pdf
airbus::Airbus_Annual_Report_2024::0554,Airbus,annual_report,2024,Airbus_Annual_Report_2024.pdf,554,206,206,6.3.2.3 Own workforce Policies (S1-1),463,383,2717,Airbus | Airbus_Annual_Report_2024.pdf | page 206,data/raw_pdfs/airbus/Airbus_Annual_Report_2024.pdf,https://www.airbus.com/sites/g/files/jlcbta136/files/2025-04/Airbus%20Annual%20Report%202024.pdf
airbus::Airbus_Annual_Report_2024::0555,Airbus,annual_report,2024,Airbus_Annual_Report_2024.pdf,555,206,206,6.3.2.3 Own workforce Policies (S1-1),453,381,2823,Airbus | Airbus_Annual_Report_2024.pdf | page 206,data/raw_pdfs/airbus/Airbus_Annual_Report_2024.pdf,https://www.airbus.com/sites/g/files/jlcbta136/files/2025-04/Airbus%20Annual%20Report%202024.pdf
airbus::Airbus_Annual_Report_2024::0556,Airbus,annual_report,2024,Airbus_Annual_Report_2024.pdf,556,206,207,6.3.2.3 Own workforce Policies (S1-1),488,365,2632,Airbus | Airbus_Annual_Report_2024.pdf | pages 206-207,data/raw_pdfs/airbus/Airbus_Annual_Report_2024.pdf,https://www.airbus.com/sites/g/files/jlcbta136/files/2025-04/Airbus%20Annual%20Report%202024.pdf
airbus::Airbus_Annual_Report_2024::0557,Airbus,annual_report,2024,Airbus_Annual_Report_2024.pdf,557,207,207,6.3.2.4 Processes for engaging with own workers,369,299,1915,Airbus | Airbus_Annual_Report_2024.pdf | page 207,data/raw_pdfs/airbus/Airbus_Annual_Report_2024.pdf,https://www.airbus.com/sites/g/files/jlcbta136/files/2025-04/Airbus%20Annual%20Report%202024.pdf
airbus::Airbus_Annual_Report_2024::0558,Airbus,annual_report,2024,Airbus_Annual_Report_2024.pdf,558,207,207,6.3.2.4 Processes for engaging with own workers,452,359,2368,Airbus | Airbus_Annual_Report_2024.pdf | page 207,data/raw_pdfs/airbus/Airbus_Annual_Report_2024.pdf,https://www.airbus.com/sites/g/files/jlcbta136/files/2025-04/Airbus%20Annual%20Report%202024.pdf
airbus::Airbus_Annual_Report_2024::0559,Airbus,annual_report,2024,Airbus_Annual_Report_2024.pdf,559,207,208,6.3.2.4 Processes for engaging with own workers,488,393,2675,Airbus | Airbus_Annual_Report_2024.pdf | pages 207-208,data/raw_pdfs/airbus/Airbus_Annual_Report_2024.pdf,https://www.airbus.com/sites/g/files/jlcbta136/files/2025-04/Airbus%20Annual%20Report%202024.pdf
airbus::Airbus_Annual_Report_2024::0560,Airbus,annual_report,2024,Airbus_Annual_Report_2024.pdf,560,208,208,6.3.2.4 Processes for engaging with own workers,496,380,2391,Airbus | Airbus_Annual_Report_2024.pdf | page 208,data/raw_pdfs/airbus/Airbus_Annual_Report_2024.pdf,https://www.airbus.com/sites/g/files/jlcbta136/files/2025-04/Airbus%20Annual%20Report%202024.pdf
airbus::Airbus_Annual_Report_2024::0561,Airbus,annual_report,2024,Airbus_Annual_Report_2024.pdf,561,208,209,6.3.2.4 Processes for engaging with own workers,488,356,2199,Airbus | Airbus_Annual_Report_2024.pdf | pages 208-209,data/raw_pdfs/airbus/Airbus_Annual_Report_2024.pdf,https://www.airbus.com/sites/g/files/jlcbta136/files/2025-04/Airbus%20Annual%20Report%202024.pdf
airbus::Airbus_Annual_Report_2024::0562,Airbus,annual_report,2024,Airbus_Annual_Report_2024.pdf,562,209,209,6.3.2.7 Health and Safety,484,397,2636,Airbus | Airbus_Annual_Report_2024.pdf | page 209,data/raw_pdfs/airbus/Airbus_Annual_Report_2024.pdf,https://www.airbus.com/sites/g/files/jlcbta136/files/2025-04/Airbus%20Annual%20Report%202024.pdf
airbus::Airbus_Annual_Report_2024::0563,Airbus,annual_report,2024,Airbus_Annual_Report_2024.pdf,563,209,209,6.3.2.7 Health and Safety,387,320,2184,Airbus | Airbus_Annual_Report_2024.pdf | page 209,data/raw_pdfs/airbus/Airbus_Annual_Report_2024.pdf,https://www.airbus.com/sites/g/files/jlcbta136/files/2025-04/Airbus%20Annual%20Report%202024.pdf
airbus::Airbus_Annual_Report_2024::0564,Airbus,annual_report,2024,Airbus_Annual_Report_2024.pdf,564,209,209,6.3.2.7 Health and Safety,470,408,2713,Airbus | Airbus_Annual_Report_2024.pdf | page 209,data/raw_pdfs/airbus/Airbus_Annual_Report_2024.pdf,https://www.airbus.com/sites/g/files/jlcbta136/files/2025-04/Airbus%20Annual%20Report%202024.pdf
airbus::Airbus_Annual_Report_2024::0565,Airbus,annual_report,2024,Airbus_Annual_Report_2024.pdf,565,209,210,6.3.2.7 Health and Safety,480,403,2741,Airbus | Airbus_Annual_Report_2024.pdf | pages 209-210,data/raw_pdfs/airbus/Airbus_Annual_Report_2024.pdf,https://www.airbus.com/sites/g/files/jlcbta136/files/2025-04/Airbus%20Annual%20Report%202024.pdf
airbus::Airbus_Annual_Report_2024::0566,Airbus,annual_report,2024,Airbus_Annual_Report_2024.pdf,566,210,210,6.3.2.7 Health and Safety,459,388,2597,Airbus | Airbus_Annual_Report_2024.pdf | page 210,data/raw_pdfs/airbus/Airbus_Annual_Report_2024.pdf,https://www.airbus.com/sites/g/files/jlcbta136/files/2025-04/Airbus%20Annual%20Report%202024.pdf
airbus::Airbus_Annual_Report_2024::0567,Airbus,annual_report,2024,Airbus_Annual_Report_2024.pdf,567,210,210,6.3.2.7 Health and Safety,464,405,2709,Airbus | Airbus_Annual_Report_2024.pdf | page 210,data/raw_pdfs/airbus/Airbus_Annual_Report_2024.pdf,https://www.airbus.com/sites/g/files/jlcbta136/files/2025-04/Airbus%20Annual%20Report%202024.pdf
airbus::Airbus_Annual_Report_2024::0568,Airbus,annual_report,2024,Airbus_Annual_Report_2024.pdf,568,210,211,6.3.2.7 Health and Safety,491,427,2925,Airbus | Airbus_Annual_Report_2024.pdf | pages 210-211,data/raw_pdfs/airbus/Airbus_Annual_Report_2024.pdf,https://www.airbus.com/sites/g/files/jlcbta136/files/2025-04/Airbus%20Annual%20Report%202024.pdf
airbus::Airbus_Annual_Report_2024::0569,Airbus,annual_report,2024,Airbus_Annual_Report_2024.pdf,569,210,211,6.3.2.7 Health and Safety,439,390,2609,Airbus | Airbus_Annual_Report_2024.pdf | pages 210-211,data/raw_pdfs/airbus/Airbus_Annual_Report_2024.pdf,https://www.airbus.com/sites/g/files/jlcbta136/files/2025-04/Airbus%20Annual%20Report%202024.pdf
airbus::Airbus_Annual_Report_2024::0570,Airbus,annual_report,2024,Airbus_Annual_Report_2024.pdf,570,211,211,6.3.2.7 Health and Safety,487,421,2806,Airbus | Airbus_Annual_Report_2024.pdf | page 211,data/raw_pdfs/airbus/Airbus_Annual_Report_2024.pdf,https://www.airbus.com/sites/g/files/jlcbta136/files/2025-04/Airbus%20Annual%20Report%202024.pdf
airbus::Airbus_Annual_Report_2024::0571,Airbus,annual_report,2024,Airbus_Annual_Report_2024.pdf,571,211,211,6.3.2.7 Health and Safety,489,428,2897,Airbus | Airbus_Annual_Report_2024.pdf | page 211,data/raw_pdfs/airbus/Airbus_Annual_Report_2024.pdf,https://www.airbus.com/sites/g/files/jlcbta136/files/2025-04/Airbus%20Annual%20Report%202024.pdf
airbus::Airbus_Annual_Report_2024::0572,Airbus,annual_report,2024,Airbus_Annual_Report_2024.pdf,572,211,212,6.3.2.7 Health and Safety,423,370,2458,Airbus | Airbus_Annual_Report_2024.pdf | pages 211-212,data/raw_pdfs/airbus/Airbus_Annual_Report_2024.pdf,https://www.airbus.com/sites/g/files/jlcbta136/files/2025-04/Airbus%20Annual%20Report%202024.pdf
airbus::Airbus_Annual_Report_2024::0573,Airbus,annual_report,2024,Airbus_Annual_Report_2024.pdf,573,211,212,6.3.2.7 Health and Safety,481,399,2779,Airbus | Airbus_Annual_Report_2024.pdf | pages 211-212,data/raw_pdfs/airbus/Airbus_Annual_Report_2024.pdf,https://www.airbus.com/sites/g/files/jlcbta136/files/2025-04/Airbus%20Annual%20Report%202024.pdf
airbus::Airbus_Annual_Report_2024::0574,Airbus,annual_report,2024,Airbus_Annual_Report_2024.pdf,574,212,212,6.3.2.7 Health and Safety,493,379,2526,Airbus | Airbus_Annual_Report_2024.pdf | page 212,data/raw_pdfs/airbus/Airbus_Annual_Report_2024.pdf,https://www.airbus.com/sites/g/files/jlcbta136/files/2025-04/Airbus%20Annual%20Report%202024.pdf
airbus::Airbus_Annual_Report_2024::0575,Airbus,annual_report,2024,Airbus_Annual_Report_2024.pdf,575,212,213,6.3.2.7 Health and Safety,418,316,2052,Airbus | Airbus_Annual_Report_2024.pdf | pages 212-213,data/raw_pdfs/airbus/Airbus_Annual_Report_2024.pdf,https://www.airbus.com/sites/g/files/jlcbta136/files/2025-04/Airbus%20Annual%20Report%202024.pdf
airbus::Airbus_Annual_Report_2024::0576,Airbus,annual_report,2024,Airbus_Annual_Report_2024.pdf,576,213,213,6.3.2.7 Health and Safety,476,364,2342,Airbus | Airbus_Annual_Report_2024.pdf | page 213,data/raw_pdfs/airbus/Airbus_Annual_Report_2024.pdf,https://www.airbus.com/sites/g/files/jlcbta136/files/2025-04/Airbus%20Annual%20Report%202024.pdf
airbus::Airbus_Annual_Report_2024::0577,Airbus,annual_report,2024,Airbus_Annual_Report_2024.pdf,577,213,214,6.3.2.7 Health and Safety,382,277,1753,Airbus | Airbus_Annual_Report_2024.pdf | pages 213-214,data/raw_pdfs/airbus/Airbus_Annual_Report_2024.pdf,https://www.airbus.com/sites/g/files/jlcbta136/files/2025-04/Airbus%20Annual%20Report%202024.pdf
airbus::Airbus_Annual_Report_2024::0578,Airbus,annual_report,2024,Airbus_Annual_Report_2024.pdf,578,214,214,6.3.2.8 Diversity,465,400,2673,Airbus | Airbus_Annual_Report_2024.pdf | page 214,data/raw_pdfs/airbus/Airbus_Annual_Report_2024.pdf,https://www.airbus.com/sites/g/files/jlcbta136/files/2025-04/Airbus%20Annual%20Report%202024.pdf
airbus::Airbus_Annual_Report_2024::0579,Airbus,annual_report,2024,Airbus_Annual_Report_2024.pdf,579,214,214,6.3.2.8 Diversity,471,409,2713,Airbus | Airbus_Annual_Report_2024.pdf | page 214,data/raw_pdfs/airbus/Airbus_Annual_Report_2024.pdf,https://www.airbus.com/sites/g/files/jlcbta136/files/2025-04/Airbus%20Annual%20Report%202024.pdf
airbus::Airbus_Annual_Report_2024::0580,Airbus,annual_report,2024,Airbus_Annual_Report_2024.pdf,580,214,214,6.3.2.8 Diversity,482,409,2670,Airbus | Airbus_Annual_Report_2024.pdf | page 214,data/raw_pdfs/airbus/Airbus_Annual_Report_2024.pdf,https://www.airbus.com/sites/g/files/jlcbta136/files/2025-04/Airbus%20Annual%20Report%202024.pdf
airbus::Airbus_Annual_Report_2024::0581,Airbus,annual_report,2024,Airbus_Annual_Report_2024.pdf,581,214,215,6.3.2.8 Diversity,433,347,2343,Airbus | Airbus_Annual_Report_2024.pdf | pages 214-215,data/raw_pdfs/airbus/Airbus_Annual_Report_2024.pdf,https://www.airbus.com/sites/g/files/jlcbta136/files/2025-04/Airbus%20Annual%20Report%202024.pdf
airbus::Airbus_Annual_Report_2024::0582,Airbus,annual_report,2024,Airbus_Annual_Report_2024.pdf,582,214,215,6.3.2.8 Diversity,445,347,2484,Airbus | Airbus_Annual_Report_2024.pdf | pages 214-215,data/raw_pdfs/airbus/Airbus_Annual_Report_2024.pdf,https://www.airbus.com/sites/g/files/jlcbta136/files/2025-04/Airbus%20Annual%20Report%202024.pdf
airbus::Airbus_Annual_Report_2024::0583,Airbus,annual_report,2024,Airbus_Annual_Report_2024.pdf,583,215,215,6.3.2.8 Diversity,445,343,2430,Airbus | Airbus_Annual_Report_2024.pdf | page 215,data/raw_pdfs/airbus/Airbus_Annual_Report_2024.pdf,https://www.airbus.com/sites/g/files/jlcbta136/files/2025-04/Airbus%20Annual%20Report%202024.pdf
airbus::Airbus_Annual_Report_2024::0584,Airbus,annual_report,2024,Airbus_Annual_Report_2024.pdf,584,215,215,6.3.2.8 Diversity,408,335,2253,Airbus | Airbus_Annual_Report_2024.pdf | page 215,data/raw_pdfs/airbus/Airbus_Annual_Report_2024.pdf,https://www.airbus.com/sites/g/files/jlcbta136/files/2025-04/Airbus%20Annual%20Report%202024.pdf
airbus::Airbus_Annual_Report_2024::0585,Airbus,annual_report,2024,Airbus_Annual_Report_2024.pdf,585,215,216,6.3.2.8 Diversity,465,382,2659,Airbus | Airbus_Annual_Report_2024.pdf | pages 215-216,data/raw_pdfs/airbus/Airbus_Annual_Report_2024.pdf,https://www.airbus.com/sites/g/files/jlcbta136/files/2025-04/Airbus%20Annual%20Report%202024.pdf
airbus::Airbus_Annual_Report_2024::0586,Airbus,annual_report,2024,Airbus_Annual_Report_2024.pdf,586,216,216,6.3.2.8 Diversity,487,405,2788,Airbus | Airbus_Annual_Report_2024.pdf | page 216,data/raw_pdfs/airbus/Airbus_Annual_Report_2024.pdf,https://www.airbus.com/sites/g/files/jlcbta136/files/2025-04/Airbus%20Annual%20Report%202024.pdf
airbus::Airbus_Annual_Report_2024::0587,Airbus,annual_report,2024,Airbus_Annual_Report_2024.pdf,587,216,216,6.3.2.8 Diversity,461,393,2579,Airbus | Airbus_Annual_Report_2024.pdf | page 216,data/raw_pdfs/airbus/Airbus_Annual_Report_2024.pdf,https://www.airbus.com/sites/g/files/jlcbta136/files/2025-04/Airbus%20Annual%20Report%202024.pdf
airbus::Airbus_Annual_Report_2024::0588,Airbus,annual_report,2024,Airbus_Annual_Report_2024.pdf,588,216,217,6.3.2.8 Diversity,485,410,2744,Airbus | Airbus_Annual_Report_2024.pdf | pages 216-217,data/raw_pdfs/airbus/Airbus_Annual_Report_2024.pdf,https://www.airbus.com/sites/g/files/jlcbta136/files/2025-04/Airbus%20Annual%20Report%202024.pdf
airbus::Airbus_Annual_Report_2024::0589,Airbus,annual_report,2024,Airbus_Annual_Report_2024.pdf,589,216,217,6.3.2.8 Diversity,491,371,2610,Airbus | Airbus_Annual_Report_2024.pdf | pages 216-217,data/raw_pdfs/airbus/Airbus_Annual_Report_2024.pdf,https://www.airbus.com/sites/g/files/jlcbta136/files/2025-04/Airbus%20Annual%20Report%202024.pdf
airbus::Airbus_Annual_Report_2024::0590,Airbus,annual_report,2024,Airbus_Annual_Report_2024.pdf,590,217,217,"6.3.2.9 Social dialogue, freedom of association,",442,327,2310,Airbus | Airbus_Annual_Report_2024.pdf | page 217,data/raw_pdfs/airbus/Airbus_Annual_Report_2024.pdf,https://www.airbus.com/sites/g/files/jlcbta136/files/2025-04/Airbus%20Annual%20Report%202024.pdf
airbus::Airbus_Annual_Report_2024::0591,Airbus,annual_report,2024,Airbus_Annual_Report_2024.pdf,591,217,217,"6.3.2.9 Social dialogue, freedom of association,",435,357,2379,Airbus | Airbus_Annual_Report_2024.pdf | page 217,data/raw_pdfs/airbus/Airbus_Annual_Report_2024.pdf,https://www.airbus.com/sites/g/files/jlcbta136/files/2025-04/Airbus%20Annual%20Report%202024.pdf
airbus::Airbus_Annual_Report_2024::0592,Airbus,annual_report,2024,Airbus_Annual_Report_2024.pdf,592,217,218,"6.3.2.9 Social dialogue, freedom of association,",425,354,2444,Airbus | Airbus_Annual_Report_2024.pdf | pages 217-218,data/raw_pdfs/airbus/Airbus_Annual_Report_2024.pdf,https://www.airbus.com/sites/g/files/jlcbta136/files/2025-04/Airbus%20Annual%20Report%202024.pdf
airbus::Airbus_Annual_Report_2024::0593,Airbus,annual_report,2024,Airbus_Annual_Report_2024.pdf,593,218,218,"6.3.2.9 Social dialogue, freedom of association,",473,406,2881,Airbus | Airbus_Annual_Report_2024.pdf | page 218,data/raw_pdfs/airbus/Airbus_Annual_Report_2024.pdf,https://www.airbus.com/sites/g/files/jlcbta136/files/2025-04/Airbus%20Annual%20Report%202024.pdf
airbus::Airbus_Annual_Report_2024::0594,Airbus,annual_report,2024,Airbus_Annual_Report_2024.pdf,594,218,218,"6.3.2.9 Social dialogue, freedom of association,",499,411,2951,Airbus | Airbus_Annual_Report_2024.pdf | page 218,data/raw_pdfs/airbus/Airbus_Annual_Report_2024.pdf,https://www.airbus.com/sites/g/files/jlcbta136/files/2025-04/Airbus%20Annual%20Report%202024.pdf
airbus::Airbus_Annual_Report_2024::0595,Airbus,annual_report,2024,Airbus_Annual_Report_2024.pdf,595,218,219,"6.3.2.9 Social dialogue, freedom of association,",500,392,2726,Airbus | Airbus_Annual_Report_2024.pdf | pages 218-219,data/raw_pdfs/airbus/Airbus_Annual_Report_2024.pdf,https://www.airbus.com/sites/g/files/jlcbta136/files/2025-04/Airbus%20Annual%20Report%202024.pdf
airbus::Airbus_Annual_Report_2024::0596,Airbus,annual_report,2024,Airbus_Annual_Report_2024.pdf,596,218,219,"6.3.2.9 Social dialogue, freedom of association,",496,375,2491,Airbus | Airbus_Annual_Report_2024.pdf | pages 218-219,data/raw_pdfs/airbus/Airbus_Annual_Report_2024.pdf,https://www.airbus.com/sites/g/files/jlcbta136/files/2025-04/Airbus%20Annual%20Report%202024.pdf
airbus::Airbus_Annual_Report_2024::0597,Airbus,annual_report,2024,Airbus_Annual_Report_2024.pdf,597,219,219,6.3.3 ESRS S2 - Workers in the,352,308,2077,Airbus | Airbus_Annual_Report_2024.pdf | page 219,data/raw_pdfs/airbus/Airbus_Annual_Report_2024.pdf,https://www.airbus.com/sites/g/files/jlcbta136/files/2025-04/Airbus%20Annual%20Report%202024.pdf
airbus::Airbus_Annual_Report_2024::0598,Airbus,annual_report,2024,Airbus_Annual_Report_2024.pdf,598,219,220,6.3.3 ESRS S2 - Workers in the,469,384,2594,Airbus | Airbus_Annual_Report_2024.pdf | pages 219-220,data/raw_pdfs/airbus/Airbus_Annual_Report_2024.pdf,https://www.airbus.com/sites/g/files/jlcbta136/files/2025-04/Airbus%20Annual%20Report%202024.pdf
airbus::Airbus_Annual_Report_2024::0599,Airbus,annual_report,2024,Airbus_Annual_Report_2024.pdf,599,220,220,6.3.3.2 ESRS 2 SBM-2 Interests and views,462,386,2618,Airbus | Airbus_Annual_Report_2024.pdf | page 220,data/raw_pdfs/airbus/Airbus_Annual_Report_2024.pdf,https://www.airbus.com/sites/g/files/jlcbta136/files/2025-04/Airbus%20Annual%20Report%202024.pdf
airbus::Airbus_Annual_Report_2024::0600,Airbus,annual_report,2024,Airbus_Annual_Report_2024.pdf,600,220,220,6.3.3.2 ESRS 2 SBM-2 Interests and views,442,354,2371,Airbus | Airbus_Annual_Report_2024.pdf | page 220,data/raw_pdfs/airbus/Airbus_Annual_Report_2024.pdf,https://www.airbus.com/sites/g/files/jlcbta136/files/2025-04/Airbus%20Annual%20Report%202024.pdf
airbus::Airbus_Annual_Report_2024::0601,Airbus,annual_report,2024,Airbus_Annual_Report_2024.pdf,601,220,221,6.3.3.2 ESRS 2 SBM-2 Interests and views,484,407,2834,Airbus | Airbus_Annual_Report_2024.pdf | pages 220-221,data/raw_pdfs/airbus/Airbus_Annual_Report_2024.pdf,https://www.airbus.com/sites/g/files/jlcbta136/files/2025-04/Airbus%20Annual%20Report%202024.pdf
airbus::Airbus_Annual_Report_2024::0602,Airbus,annual_report,2024,Airbus_Annual_Report_2024.pdf,602,220,221,6.3.3.2 ESRS 2 SBM-2 Interests and views,495,397,2689,Airbus | Airbus_Annual_Report_2024.pdf | pages 220-221,data/raw_pdfs/airbus/Airbus_Annual_Report_2024.pdf,https://www.airbus.com/sites/g/files/jlcbta136/files/2025-04/Airbus%20Annual%20Report%202024.pdf
airbus::Airbus_Annual_Report_2024::0603,Airbus,annual_report,2024,Airbus_Annual_Report_2024.pdf,603,221,221,6.3.3.5 Processes to remediate negative impacts,362,294,2006,Airbus | Airbus_Annual_Report_2024.pdf | page 221,data/raw_pdfs/airbus/Airbus_Annual_Report_2024.pdf,https://www.airbus.com/sites/g/files/jlcbta136/files/2025-04/Airbus%20Annual%20Report%202024.pdf
airbus::Airbus_Annual_Report_2024::0604,Airbus,annual_report,2024,Airbus_Annual_Report_2024.pdf,604,221,221,6.3.3.5 Processes to remediate negative impacts,395,324,2210,Airbus | Airbus_Annual_Report_2024.pdf | page 221,data/raw_pdfs/airbus/Airbus_Annual_Report_2024.pdf,https://www.airbus.com/sites/g/files/jlcbta136/files/2025-04/Airbus%20Annual%20Report%202024.pdf
airbus::Airbus_Annual_Report_2024::0605,Airbus,annual_report,2024,Airbus_Annual_Report_2024.pdf,605,221,222,6.3.3.5 Processes to remediate negative impacts,493,412,2783,Airbus | Airbus_Annual_Report_2024.pdf | pages 221-222,data/raw_pdfs/airbus/Airbus_Annual_Report_2024.pdf,https://www.airbus.com/sites/g/files/jlcbta136/files/2025-04/Airbus%20Annual%20Report%202024.pdf
airbus::Airbus_Annual_Report_2024::0606,Airbus,annual_report,2024,Airbus_Annual_Report_2024.pdf,606,222,222,6.3.3.6 Taking action on material impacts on value,477,409,2757,Airbus | Airbus_Annual_Report_2024.pdf | page 222,data/raw_pdfs/airbus/Airbus_Annual_Report_2024.pdf,https://www.airbus.com/sites/g/files/jlcbta136/files/2025-04/Airbus%20Annual%20Report%202024.pdf
airbus::Airbus_Annual_Report_2024::0607,Airbus,annual_report,2024,Airbus_Annual_Report_2024.pdf,607,222,222,6.3.3.6 Taking action on material impacts on value,226,196,1326,Airbus | Airbus_Annual_Report_2024.pdf | page 222,data/raw_pdfs/airbus/Airbus_Annual_Report_2024.pdf,https://www.airbus.com/sites/g/files/jlcbta136/files/2025-04/Airbus%20Annual%20Report%202024.pdf
airbus::Airbus_Annual_Report_2024::0608,Airbus,annual_report,2024,Airbus_Annual_Report_2024.pdf,608,222,222,6.3.3.6 Taking action on material impacts on value,440,337,2312,Airbus | Airbus_Annual_Report_2024.pdf | page 222,data/raw_pdfs/airbus/Airbus_Annual_Report_2024.pdf,https://www.airbus.com/sites/g/files/jlcbta136/files/2025-04/Airbus%20Annual%20Report%202024.pdf
airbus::Airbus_Annual_Report_2024::0609,Airbus,annual_report,2024,Airbus_Annual_Report_2024.pdf,609,222,222,6.3.3.6 Taking action on material impacts on value,383,292,2025,Airbus | Airbus_Annual_Report_2024.pdf | page 222,data/raw_pdfs/airbus/Airbus_Annual_Report_2024.pdf,https://www.airbus.com/sites/g/files/jlcbta136/files/2025-04/Airbus%20Annual%20Report%202024.pdf
airbus::Airbus_Annual_Report_2024::0610,Airbus,annual_report,2024,Airbus_Annual_Report_2024.pdf,610,222,223,6.3.3.6 Taking action on material impacts on value,430,355,2386,Airbus | Airbus_Annual_Report_2024.pdf | pages 222-223,data/raw_pdfs/airbus/Airbus_Annual_Report_2024.pdf,https://www.airbus.com/sites/g/files/jlcbta136/files/2025-04/Airbus%20Annual%20Report%202024.pdf
airbus::Airbus_Annual_Report_2024::0611,Airbus,annual_report,2024,Airbus_Annual_Report_2024.pdf,611,223,223,6.3.3.6 Taking action on material impacts on value,349,287,1904,Airbus | Airbus_Annual_Report_2024.pdf | page 223,data/raw_pdfs/airbus/Airbus_Annual_Report_2024.pdf,https://www.airbus.com/sites/g/files/jlcbta136/files/2025-04/Airbus%20Annual%20Report%202024.pdf
airbus::Airbus_Annual_Report_2024::0612,Airbus,annual_report,2024,Airbus_Annual_Report_2024.pdf,612,223,223,6.3.3.6 Taking action on material impacts on value,454,380,2660,Airbus | Airbus_Annual_Report_2024.pdf | page 223,data/raw_pdfs/airbus/Airbus_Annual_Report_2024.pdf,https://www.airbus.com/sites/g/files/jlcbta136/files/2025-04/Airbus%20Annual%20Report%202024.pdf
airbus::Airbus_Annual_Report_2024::0613,Airbus,annual_report,2024,Airbus_Annual_Report_2024.pdf,613,223,224,6.3.3.6 Taking action on material impacts on value,422,336,2365,Airbus | Airbus_Annual_Report_2024.pdf | pages 223-224,data/raw_pdfs/airbus/Airbus_Annual_Report_2024.pdf,https://www.airbus.com/sites/g/files/jlcbta136/files/2025-04/Airbus%20Annual%20Report%202024.pdf
airbus::Airbus_Annual_Report_2024::0614,Airbus,annual_report,2024,Airbus_Annual_Report_2024.pdf,614,224,224,material risks and opportunities (S2-5),482,406,2716,Airbus | Airbus_Annual_Report_2024.pdf | page 224,data/raw_pdfs/airbus/Airbus_Annual_Report_2024.pdf,https://www.airbus.com/sites/g/files/jlcbta136/files/2025-04/Airbus%20Annual%20Report%202024.pdf
airbus::Airbus_Annual_Report_2024::0615,Airbus,annual_report,2024,Airbus_Annual_Report_2024.pdf,615,224,225,material risks and opportunities (S2-5),491,394,2627,Airbus | Airbus_Annual_Report_2024.pdf | pages 224-225,data/raw_pdfs/airbus/Airbus_Annual_Report_2024.pdf,https://www.airbus.com/sites/g/files/jlcbta136/files/2025-04/Airbus%20Annual%20Report%202024.pdf
airbus::Airbus_Annual_Report_2024::0616,Airbus,annual_report,2024,Airbus_Annual_Report_2024.pdf,616,225,225,6.3.4 ESRS S4 - Consumers and end-users,440,339,2260,Airbus | Airbus_Annual_Report_2024.pdf | page 225,data/raw_pdfs/airbus/Airbus_Annual_Report_2024.pdf,https://www.airbus.com/sites/g/files/jlcbta136/files/2025-04/Airbus%20Annual%20Report%202024.pdf
airbus::Airbus_Annual_Report_2024::0617,Airbus,annual_report,2024,Airbus_Annual_Report_2024.pdf,617,225,225,6.3.4 ESRS S4 - Consumers and end-users,380,289,2030,Airbus | Airbus_Annual_Report_2024.pdf | page 225,data/raw_pdfs/airbus/Airbus_Annual_Report_2024.pdf,https://www.airbus.com/sites/g/files/jlcbta136/files/2025-04/Airbus%20Annual%20Report%202024.pdf
airbus::Airbus_Annual_Report_2024::0618,Airbus,annual_report,2024,Airbus_Annual_Report_2024.pdf,618,225,226,6.3.4 ESRS S4 - Consumers and end-users,487,362,2634,Airbus | Airbus_Annual_Report_2024.pdf | pages 225-226,data/raw_pdfs/airbus/Airbus_Annual_Report_2024.pdf,https://www.airbus.com/sites/g/files/jlcbta136/files/2025-04/Airbus%20Annual%20Report%202024.pdf
airbus::Airbus_Annual_Report_2024::0619,Airbus,annual_report,2024,Airbus_Annual_Report_2024.pdf,619,226,226,6.3.4.4 Policies related to consumers and end-,446,361,2553,Airbus | Airbus_Annual_Report_2024.pdf | page 226,data/raw_pdfs/airbus/Airbus_Annual_Report_2024.pdf,https://www.airbus.com/sites/g/files/jlcbta136/files/2025-04/Airbus%20Annual%20Report%202024.pdf
airbus::Airbus_Annual_Report_2024::0620,Airbus,annual_report,2024,Airbus_Annual_Report_2024.pdf,620,226,226,6.3.4.4 Policies related to consumers and end-,450,384,2650,Airbus | Airbus_Annual_Report_2024.pdf | page 226,data/raw_pdfs/airbus/Airbus_Annual_Report_2024.pdf,https://www.airbus.com/sites/g/files/jlcbta136/files/2025-04/Airbus%20Annual%20Report%202024.pdf
airbus::Airbus_Annual_Report_2024::0621,Airbus,annual_report,2024,Airbus_Annual_Report_2024.pdf,621,226,227,6.3.4.4 Policies related to consumers and end-,479,366,2587,Airbus | Airbus_Annual_Report_2024.pdf | pages 226-227,data/raw_pdfs/airbus/Airbus_Annual_Report_2024.pdf,https://www.airbus.com/sites/g/files/jlcbta136/files/2025-04/Airbus%20Annual%20Report%202024.pdf
airbus::Airbus_Annual_Report_2024::0622,Airbus,annual_report,2024,Airbus_Annual_Report_2024.pdf,622,227,227,6.3.4.5 Processes for engaging with consumers,449,363,2622,Airbus | Airbus_Annual_Report_2024.pdf | page 227,data/raw_pdfs/airbus/Airbus_Annual_Report_2024.pdf,https://www.airbus.com/sites/g/files/jlcbta136/files/2025-04/Airbus%20Annual%20Report%202024.pdf
airbus::Airbus_Annual_Report_2024::0623,Airbus,annual_report,2024,Airbus_Annual_Report_2024.pdf,623,227,227,6.3.4.5 Processes for engaging with consumers,459,364,2736,Airbus | Airbus_Annual_Report_2024.pdf | page 227,data/raw_pdfs/airbus/Airbus_Annual_Report_2024.pdf,https://www.airbus.com/sites/g/files/jlcbta136/files/2025-04/Airbus%20Annual%20Report%202024.pdf
airbus::Airbus_Annual_Report_2024::0624,Airbus,annual_report,2024,Airbus_Annual_Report_2024.pdf,624,227,228,6.3.4.5 Processes for engaging with consumers,499,405,2989,Airbus | Airbus_Annual_Report_2024.pdf | pages 227-228,data/raw_pdfs/airbus/Airbus_Annual_Report_2024.pdf,https://www.airbus.com/sites/g/files/jlcbta136/files/2025-04/Airbus%20Annual%20Report%202024.pdf
airbus::Airbus_Annual_Report_2024::0625,Airbus,annual_report,2024,Airbus_Annual_Report_2024.pdf,625,227,228,6.3.4.5 Processes for engaging with consumers,447,380,2807,Airbus | Airbus_Annual_Report_2024.pdf | pages 227-228,data/raw_pdfs/airbus/Airbus_Annual_Report_2024.pdf,https://www.airbus.com/sites/g/files/jlcbta136/files/2025-04/Airbus%20Annual%20Report%202024.pdf
airbus::Airbus_Annual_Report_2024::0626,Airbus,annual_report,2024,Airbus_Annual_Report_2024.pdf,626,228,228,6.3.4.5 Processes for engaging with consumers,432,364,2704,Airbus | Airbus_Annual_Report_2024.pdf | page 228,data/raw_pdfs/airbus/Airbus_Annual_Report_2024.pdf,https://www.airbus.com/sites/g/files/jlcbta136/files/2025-04/Airbus%20Annual%20Report%202024.pdf
airbus::Airbus_Annual_Report_2024::0627,Airbus,annual_report,2024,Airbus_Annual_Report_2024.pdf,627,228,228,6.3.4.5 Processes for engaging with consumers,325,291,2056,Airbus | Airbus_Annual_Report_2024.pdf | page 228,data/raw_pdfs/airbus/Airbus_Annual_Report_2024.pdf,https://www.airbus.com/sites/g/files/jlcbta136/files/2025-04/Airbus%20Annual%20Report%202024.pdf
airbus::Airbus_Annual_Report_2024::0628,Airbus,annual_report,2024,Airbus_Annual_Report_2024.pdf,628,228,228,6.3.4.5 Processes for engaging with consumers,428,377,2711,Airbus | Airbus_Annual_Report_2024.pdf | page 228,data/raw_pdfs/airbus/Airbus_Annual_Report_2024.pdf,https://www.airbus.com/sites/g/files/jlcbta136/files/2025-04/Airbus%20Annual%20Report%202024.pdf
airbus::Airbus_Annual_Report_2024::0629,Airbus,annual_report,2024,Airbus_Annual_Report_2024.pdf,629,228,229,6.3.4.5 Processes for engaging with consumers,488,389,2850,Airbus | Airbus_Annual_Report_2024.pdf | pages 228-229,data/raw_pdfs/airbus/Airbus_Annual_Report_2024.pdf,https://www.airbus.com/sites/g/files/jlcbta136/files/2025-04/Airbus%20Annual%20Report%202024.pdf
airbus::Airbus_Annual_Report_2024::0630,Airbus,annual_report,2024,Airbus_Annual_Report_2024.pdf,630,228,230,6.3.4.5 Processes for engaging with consumers,494,388,2624,Airbus | Airbus_Annual_Report_2024.pdf | pages 228-230,data/raw_pdfs/airbus/Airbus_Annual_Report_2024.pdf,https://www.airbus.com/sites/g/files/jlcbta136/files/2025-04/Airbus%20Annual%20Report%202024.pdf
airbus::Airbus_Annual_Report_2024::0631,Airbus,annual_report,2024,Airbus_Annual_Report_2024.pdf,631,229,230,6.3.4.8 Targets related to managing material,452,380,2623,Airbus | Airbus_Annual_Report_2024.pdf | pages 229-230,data/raw_pdfs/airbus/Airbus_Annual_Report_2024.pdf,https://www.airbus.com/sites/g/files/jlcbta136/files/2025-04/Airbus%20Annual%20Report%202024.pdf
airbus::Airbus_Annual_Report_2024::0632,Airbus,annual_report,2024,Airbus_Annual_Report_2024.pdf,632,230,230,6.4 Governance Information,500,433,2950,Airbus | Airbus_Annual_Report_2024.pdf | page 230,data/raw_pdfs/airbus/Airbus_Annual_Report_2024.pdf,https://www.airbus.com/sites/g/files/jlcbta136/files/2025-04/Airbus%20Annual%20Report%202024.pdf
airbus::Airbus_Annual_Report_2024::0633,Airbus,annual_report,2024,Airbus_Annual_Report_2024.pdf,633,230,231,6.4 Governance Information,406,338,2386,Airbus | Airbus_Annual_Report_2024.pdf | pages 230-231,data/raw_pdfs/airbus/Airbus_Annual_Report_2024.pdf,https://www.airbus.com/sites/g/files/jlcbta136/files/2025-04/Airbus%20Annual%20Report%202024.pdf
airbus::Airbus_Annual_Report_2024::0634,Airbus,annual_report,2024,Airbus_Annual_Report_2024.pdf,634,231,231,6.4 Governance Information,279,221,1579,Airbus | Airbus_Annual_Report_2024.pdf | page 231,data/raw_pdfs/airbus/Airbus_Annual_Report_2024.pdf,https://www.airbus.com/sites/g/files/jlcbta136/files/2025-04/Airbus%20Annual%20Report%202024.pdf
airbus::Airbus_Annual_Report_2024::0635,Airbus,annual_report,2024,Airbus_Annual_Report_2024.pdf,635,231,231,6.4 Governance Information,437,400,2668,Airbus | Airbus_Annual_Report_2024.pdf | page 231,data/raw_pdfs/airbus/Airbus_Annual_Report_2024.pdf,https://www.airbus.com/sites/g/files/jlcbta136/files/2025-04/Airbus%20Annual%20Report%202024.pdf
airbus::Airbus_Annual_Report_2024::0636,Airbus,annual_report,2024,Airbus_Annual_Report_2024.pdf,636,231,231,6.4 Governance Information,496,437,2906,Airbus | Airbus_Annual_Report_2024.pdf | page 231,data/raw_pdfs/airbus/Airbus_Annual_Report_2024.pdf,https://www.airbus.com/sites/g/files/jlcbta136/files/2025-04/Airbus%20Annual%20Report%202024.pdf
airbus::Airbus_Annual_Report_2024::0637,Airbus,annual_report,2024,Airbus_Annual_Report_2024.pdf,637,231,231,6.4 Governance Information,454,381,2632,Airbus | Airbus_Annual_Report_2024.pdf | page 231,data/raw_pdfs/airbus/Airbus_Annual_Report_2024.pdf,https://www.airbus.com/sites/g/files/jlcbta136/files/2025-04/Airbus%20Annual%20Report%202024.pdf
airbus::Airbus_Annual_Report_2024::0638,Airbus,annual_report,2024,Airbus_Annual_Report_2024.pdf,638,231,232,6.4 Governance Information,402,337,2425,Airbus | Airbus_Annual_Report_2024.pdf | pages 231-232,data/raw_pdfs/airbus/Airbus_Annual_Report_2024.pdf,https://www.airbus.com/sites/g/files/jlcbta136/files/2025-04/Airbus%20Annual%20Report%202024.pdf
airbus::Airbus_Annual_Report_2024::0639,Airbus,annual_report,2024,Airbus_Annual_Report_2024.pdf,639,232,232,6.4.1.3  Prevention and detection of corruption and,444,374,2639,Airbus | Airbus_Annual_Report_2024.pdf | page 232,data/raw_pdfs/airbus/Airbus_Annual_Report_2024.pdf,https://www.airbus.com/sites/g/files/jlcbta136/files/2025-04/Airbus%20Annual%20Report%202024.pdf
airbus::Airbus_Annual_Report_2024::0640,Airbus,annual_report,2024,Airbus_Annual_Report_2024.pdf,640,232,232,6.4.1.3  Prevention and detection of corruption and,453,370,2587,Airbus | Airbus_Annual_Report_2024.pdf | page 232,data/raw_pdfs/airbus/Airbus_Annual_Report_2024.pdf,https://www.airbus.com/sites/g/files/jlcbta136/files/2025-04/Airbus%20Annual%20Report%202024.pdf
airbus::Airbus_Annual_Report_2024::0641,Airbus,annual_report,2024,Airbus_Annual_Report_2024.pdf,641,232,233,6.4.1.3  Prevention and detection of corruption and,480,393,2743,Airbus | Airbus_Annual_Report_2024.pdf | pages 232-233,data/raw_pdfs/airbus/Airbus_Annual_Report_2024.pdf,https://www.airbus.com/sites/g/files/jlcbta136/files/2025-04/Airbus%20Annual%20Report%202024.pdf
airbus::Airbus_Annual_Report_2024::0642,Airbus,annual_report,2024,Airbus_Annual_Report_2024.pdf,642,232,233,6.4.1.3  Prevention and detection of corruption and,441,374,2518,Airbus | Airbus_Annual_Report_2024.pdf | pages 232-233,data/raw_pdfs/airbus/Airbus_Annual_Report_2024.pdf,https://www.airbus.com/sites/g/files/jlcbta136/files/2025-04/Airbus%20Annual%20Report%202024.pdf
airbus::Airbus_Annual_Report_2024::0643,Airbus,annual_report,2024,Airbus_Annual_Report_2024.pdf,643,233,233,6.4.1.3  Prevention and detection of corruption and,479,405,2742,Airbus | Airbus_Annual_Report_2024.pdf | page 233,data/raw_pdfs/airbus/Airbus_Annual_Report_2024.pdf,https://www.airbus.com/sites/g/files/jlcbta136/files/2025-04/Airbus%20Annual%20Report%202024.pdf
airbus::Airbus_Annual_Report_2024::0644,Airbus,annual_report,2024,Airbus_Annual_Report_2024.pdf,644,233,234,6.4.1.3  Prevention and detection of corruption and,415,336,2246,Airbus | Airbus_Annual_Report_2024.pdf | pages 233-234,data/raw_pdfs/airbus/Airbus_Annual_Report_2024.pdf,https://www.airbus.com/sites/g/files/jlcbta136/files/2025-04/Airbus%20Annual%20Report%202024.pdf
airbus::Airbus_Annual_Report_2024::0645,Airbus,annual_report,2024,Airbus_Annual_Report_2024.pdf,645,234,234,6.4.1.4 Incidents of corruption or bribery (G1-4),437,328,2245,Airbus | Airbus_Annual_Report_2024.pdf | page 234,data/raw_pdfs/airbus/Airbus_Annual_Report_2024.pdf,https://www.airbus.com/sites/g/files/jlcbta136/files/2025-04/Airbus%20Annual%20Report%202024.pdf
airbus::Airbus_Annual_Report_2024::0646,Airbus,annual_report,2024,Airbus_Annual_Report_2024.pdf,646,234,235,6.4.1.4 Incidents of corruption or bribery (G1-4),463,357,2562,Airbus | Airbus_Annual_Report_2024.pdf | pages 234-235,data/raw_pdfs/airbus/Airbus_Annual_Report_2024.pdf,https://www.airbus.com/sites/g/files/jlcbta136/files/2025-04/Airbus%20Annual%20Report%202024.pdf
airbus::Airbus_Annual_Report_2024::0647,Airbus,annual_report,2024,Airbus_Annual_Report_2024.pdf,647,234,235,6.4.1.4 Incidents of corruption or bribery (G1-4),499,428,2822,Airbus | Airbus_Annual_Report_2024.pdf | pages 234-235,data/raw_pdfs/airbus/Airbus_Annual_Report_2024.pdf,https://www.airbus.com/sites/g/files/jlcbta136/files/2025-04/Airbus%20Annual%20Report%202024.pdf
airbus::Airbus_Annual_Report_2024::0648,Airbus,annual_report,2024,Airbus_Annual_Report_2024.pdf,648,235,236,6.4.1.6 Payment practices (G1-6),424,329,2370,Airbus | Airbus_Annual_Report_2024.pdf | pages 235-236,data/raw_pdfs/airbus/Airbus_Annual_Report_2024.pdf,https://www.airbus.com/sites/g/files/jlcbta136/files/2025-04/Airbus%20Annual%20Report%202024.pdf
airbus::Airbus_Annual_Report_2024::0649,Airbus,annual_report,2024,Airbus_Annual_Report_2024.pdf,649,236,236,6.4.2 Company-specific - Cybersecurity,477,393,2886,Airbus | Airbus_Annual_Report_2024.pdf | page 236,data/raw_pdfs/airbus/Airbus_Annual_Report_2024.pdf,https://www.airbus.com/sites/g/files/jlcbta136/files/2025-04/Airbus%20Annual%20Report%202024.pdf
airbus::Airbus_Annual_Report_2024::0650,Airbus,annual_report,2024,Airbus_Annual_Report_2024.pdf,650,236,236,6.4.2 Company-specific - Cybersecurity,441,375,2713,Airbus | Airbus_Annual_Report_2024.pdf | page 236,data/raw_pdfs/airbus/Airbus_Annual_Report_2024.pdf,https://www.airbus.com/sites/g/files/jlcbta136/files/2025-04/Airbus%20Annual%20Report%202024.pdf
airbus::Airbus_Annual_Report_2024::0651,Airbus,annual_report,2024,Airbus_Annual_Report_2024.pdf,651,236,237,6.4.2 Company-specific - Cybersecurity,402,333,2402,Airbus | Airbus_Annual_Report_2024.pdf | pages 236-237,data/raw_pdfs/airbus/Airbus_Annual_Report_2024.pdf,https://www.airbus.com/sites/g/files/jlcbta136/files/2025-04/Airbus%20Annual%20Report%202024.pdf
airbus::Airbus_Annual_Report_2024::0652,Airbus,annual_report,2024,Airbus_Annual_Report_2024.pdf,652,237,237,6.4.2.3 Actions and resources,468,395,2752,Airbus | Airbus_Annual_Report_2024.pdf | page 237,data/raw_pdfs/airbus/Airbus_Annual_Report_2024.pdf,https://www.airbus.com/sites/g/files/jlcbta136/files/2025-04/Airbus%20Annual%20Report%202024.pdf
airbus::Airbus_Annual_Report_2024::0653,Airbus,annual_report,2024,Airbus_Annual_Report_2024.pdf,653,237,237,6.4.2.3 Actions and resources,500,419,3124,Airbus | Airbus_Annual_Report_2024.pdf | page 237,data/raw_pdfs/airbus/Airbus_Annual_Report_2024.pdf,https://www.airbus.com/sites/g/files/jlcbta136/files/2025-04/Airbus%20Annual%20Report%202024.pdf
airbus::Airbus_Annual_Report_2024::0654,Airbus,annual_report,2024,Airbus_Annual_Report_2024.pdf,654,237,240,6.4.2.3 Actions and resources,405,321,2273,Airbus | Airbus_Annual_Report_2024.pdf | pages 237-240,data/raw_pdfs/airbus/Airbus_Annual_Report_2024.pdf,https://www.airbus.com/sites/g/files/jlcbta136/files/2025-04/Airbus%20Annual%20Report%202024.pdf
airbus::Airbus_Annual_Report_2024::0655,Airbus,annual_report,2024,Airbus_Annual_Report_2024.pdf,655,238,243,6.4.2.5 Metrics,465,320,2153,Airbus | Airbus_Annual_Report_2024.pdf | pages 238-243,data/raw_pdfs/airbus/Airbus_Annual_Report_2024.pdf,https://www.airbus.com/sites/g/files/jlcbta136/files/2025-04/Airbus%20Annual%20Report%202024.pdf
airbus::Airbus_Annual_Report_2024::0656,Airbus,annual_report,2024,Airbus_Annual_Report_2024.pdf,656,240,244,Vigilance Plan,494,380,2602,Airbus | Airbus_Annual_Report_2024.pdf | pages 240-244,data/raw_pdfs/airbus/Airbus_Annual_Report_2024.pdf,https://www.airbus.com/sites/g/files/jlcbta136/files/2025-04/Airbus%20Annual%20Report%202024.pdf
airbus::Airbus_Annual_Report_2024::0657,Airbus,annual_report,2024,Airbus_Annual_Report_2024.pdf,657,244,248,Contents,498,391,2497,Airbus | Airbus_Annual_Report_2024.pdf | pages 244-248,data/raw_pdfs/airbus/Airbus_Annual_Report_2024.pdf,https://www.airbus.com/sites/g/files/jlcbta136/files/2025-04/Airbus%20Annual%20Report%202024.pdf
airbus::Airbus_Annual_Report_2024::0658,Airbus,annual_report,2024,Airbus_Annual_Report_2024.pdf,658,247,249,Airbus SE IFRS Consolidated Financial Statements,492,369,2343,Airbus | Airbus_Annual_Report_2024.pdf | pages 247-249,data/raw_pdfs/airbus/Airbus_Annual_Report_2024.pdf,https://www.airbus.com/sites/g/files/jlcbta136/files/2025-04/Airbus%20Annual%20Report%202024.pdf
airbus::Airbus_Annual_Report_2024::0659,Airbus,annual_report,2024,Airbus_Annual_Report_2024.pdf,659,249,250,Airbus SE IFRS Consolidated Financial Statements,499,317,2223,Airbus | Airbus_Annual_Report_2024.pdf | pages 249-250,data/raw_pdfs/airbus/Airbus_Annual_Report_2024.pdf,https://www.airbus.com/sites/g/files/jlcbta136/files/2025-04/Airbus%20Annual%20Report%202024.pdf
airbus::Airbus_Annual_Report_2024::0660,Airbus,annual_report,2024,Airbus_Annual_Report_2024.pdf,660,250,251,Airbus SE IFRS Consolidated Financial Statements,498,341,2339,Airbus | Airbus_Annual_Report_2024.pdf | pages 250-251,data/raw_pdfs/airbus/Airbus_Annual_Report_2024.pdf,https://www.airbus.com/sites/g/files/jlcbta136/files/2025-04/Airbus%20Annual%20Report%202024.pdf
airbus::Airbus_Annual_Report_2024::0661,Airbus,annual_report,2024,Airbus_Annual_Report_2024.pdf,661,251,253,Airbus SE IFRS Consolidated Financial Statements,481,364,2458,Airbus | Airbus_Annual_Report_2024.pdf | pages 251-253,data/raw_pdfs/airbus/Airbus_Annual_Report_2024.pdf,https://www.airbus.com/sites/g/files/jlcbta136/files/2025-04/Airbus%20Annual%20Report%202024.pdf
airbus::Airbus_Annual_Report_2024::0662,Airbus,annual_report,2024,Airbus_Annual_Report_2024.pdf,662,252,253,Airbus SE IFRS Consolidated Financial Statements,486,334,1794,Airbus | Airbus_Annual_Report_2024.pdf | pages 252-253,data/raw_pdfs/airbus/Airbus_Annual_Report_2024.pdf,https://www.airbus.com/sites/g/files/jlcbta136/files/2025-04/Airbus%20Annual%20Report%202024.pdf
airbus::Airbus_Annual_Report_2024::0663,Airbus,annual_report,2024,Airbus_Annual_Report_2024.pdf,663,253,257,Airbus SE IFRS Consolidated Financial Statements,427,313,1889,Airbus | Airbus_Annual_Report_2024.pdf | pages 253-257,data/raw_pdfs/airbus/Airbus_Annual_Report_2024.pdf,https://www.airbus.com/sites/g/files/jlcbta136/files/2025-04/Airbus%20Annual%20Report%202024.pdf
airbus::Airbus_Annual_Report_2024::0664,Airbus,annual_report,2024,Airbus_Annual_Report_2024.pdf,664,257,258,Notes to the IFRS Consolidated Financial Statements,482,354,2415,Airbus | Airbus_Annual_Report_2024.pdf | pages 257-258,data/raw_pdfs/airbus/Airbus_Annual_Report_2024.pdf,https://www.airbus.com/sites/g/files/jlcbta136/files/2025-04/Airbus%20Annual%20Report%202024.pdf
airbus::Airbus_Annual_Report_2024::0665,Airbus,annual_report,2024,Airbus_Annual_Report_2024.pdf,665,258,258,2.1 Basis of Preparation,472,400,2622,Airbus | Airbus_Annual_Report_2024.pdf | page 258,data/raw_pdfs/airbus/Airbus_Annual_Report_2024.pdf,https://www.airbus.com/sites/g/files/jlcbta136/files/2025-04/Airbus%20Annual%20Report%202024.pdf
airbus::Airbus_Annual_Report_2024::0666,Airbus,annual_report,2024,Airbus_Annual_Report_2024.pdf,666,258,258,2.1 Basis of Preparation,359,278,1859,Airbus | Airbus_Annual_Report_2024.pdf | page 258,data/raw_pdfs/airbus/Airbus_Annual_Report_2024.pdf,https://www.airbus.com/sites/g/files/jlcbta136/files/2025-04/Airbus%20Annual%20Report%202024.pdf
airbus::Airbus_Annual_Report_2024::0667,Airbus,annual_report,2024,Airbus_Annual_Report_2024.pdf,667,258,258,2.1 Basis of Preparation,399,305,2163,Airbus | Airbus_Annual_Report_2024.pdf | page 258,data/raw_pdfs/airbus/Airbus_Annual_Report_2024.pdf,https://www.airbus.com/sites/g/files/jlcbta136/files/2025-04/Airbus%20Annual%20Report%202024.pdf
airbus::Airbus_Annual_Report_2024::0668,Airbus,annual_report,2024,Airbus_Annual_Report_2024.pdf,668,258,259,2.1 Basis of Preparation,446,339,2356,Airbus | Airbus_Annual_Report_2024.pdf | pages 258-259,data/raw_pdfs/airbus/Airbus_Annual_Report_2024.pdf,https://www.airbus.com/sites/g/files/jlcbta136/files/2025-04/Airbus%20Annual%20Report%202024.pdf
airbus::Airbus_Annual_Report_2024::0669,Airbus,annual_report,2024,Airbus_Annual_Report_2024.pdf,669,259,259,Capitalised development costs,432,353,2407,Airbus | Airbus_Annual_Report_2024.pdf | page 259,data/raw_pdfs/airbus/Airbus_Annual_Report_2024.pdf,https://www.airbus.com/sites/g/files/jlcbta136/files/2025-04/Airbus%20Annual%20Report%202024.pdf
airbus::Airbus_Annual_Report_2024::0670,Airbus,annual_report,2024,Airbus_Annual_Report_2024.pdf,670,259,259,Capitalised development costs,473,404,2734,Airbus | Airbus_Annual_Report_2024.pdf | page 259,data/raw_pdfs/airbus/Airbus_Annual_Report_2024.pdf,https://www.airbus.com/sites/g/files/jlcbta136/files/2025-04/Airbus%20Annual%20Report%202024.pdf
airbus::Airbus_Annual_Report_2024::0671,Airbus,annual_report,2024,Airbus_Annual_Report_2024.pdf,671,259,260,Capitalised development costs,455,390,2543,Airbus | Airbus_Annual_Report_2024.pdf | pages 259-260,data/raw_pdfs/airbus/Airbus_Annual_Report_2024.pdf,https://www.airbus.com/sites/g/files/jlcbta136/files/2025-04/Airbus%20Annual%20Report%202024.pdf
airbus::Airbus_Annual_Report_2024::0672,Airbus,annual_report,2024,Airbus_Annual_Report_2024.pdf,672,260,260,Capitalised development costs,377,308,2026,Airbus | Airbus_Annual_Report_2024.pdf | page 260,data/raw_pdfs/airbus/Airbus_Annual_Report_2024.pdf,https://www.airbus.com/sites/g/files/jlcbta136/files/2025-04/Airbus%20Annual%20Report%202024.pdf
airbus::Airbus_Annual_Report_2024::0673,Airbus,annual_report,2024,Airbus_Annual_Report_2024.pdf,673,260,260,Capitalised development costs,415,356,2351,Airbus | Airbus_Annual_Report_2024.pdf | page 260,data/raw_pdfs/airbus/Airbus_Annual_Report_2024.pdf,https://www.airbus.com/sites/g/files/jlcbta136/files/2025-04/Airbus%20Annual%20Report%202024.pdf
airbus::Airbus_Annual_Report_2024::0674,Airbus,annual_report,2024,Airbus_Annual_Report_2024.pdf,674,260,260,Capitalised development costs,482,412,2821,Airbus | Airbus_Annual_Report_2024.pdf | page 260,data/raw_pdfs/airbus/Airbus_Annual_Report_2024.pdf,https://www.airbus.com/sites/g/files/jlcbta136/files/2025-04/Airbus%20Annual%20Report%202024.pdf
airbus::Airbus_Annual_Report_2024::0675,Airbus,annual_report,2024,Airbus_Annual_Report_2024.pdf,675,260,261,Capitalised development costs,487,418,2743,Airbus | Airbus_Annual_Report_2024.pdf | pages 260-261,data/raw_pdfs/airbus/Airbus_Annual_Report_2024.pdf,https://www.airbus.com/sites/g/files/jlcbta136/files/2025-04/Airbus%20Annual%20Report%202024.pdf
airbus::Airbus_Annual_Report_2024::0676,Airbus,annual_report,2024,Airbus_Annual_Report_2024.pdf,676,261,261,5. Key Estimates and Judgements,490,408,2729,Airbus | Airbus_Annual_Report_2024.pdf | page 261,data/raw_pdfs/airbus/Airbus_Annual_Report_2024.pdf,https://www.airbus.com/sites/g/files/jlcbta136/files/2025-04/Airbus%20Annual%20Report%202024.pdf
airbus::Airbus_Annual_Report_2024::0677,Airbus,annual_report,2024,Airbus_Annual_Report_2024.pdf,677,261,261,5. Key Estimates and Judgements,486,419,3044,Airbus | Airbus_Annual_Report_2024.pdf | page 261,data/raw_pdfs/airbus/Airbus_Annual_Report_2024.pdf,https://www.airbus.com/sites/g/files/jlcbta136/files/2025-04/Airbus%20Annual%20Report%202024.pdf
airbus::Airbus_Annual_Report_2024::0678,Airbus,annual_report,2024,Airbus_Annual_Report_2024.pdf,678,261,262,5. Key Estimates and Judgements,470,428,2853,Airbus | Airbus_Annual_Report_2024.pdf | pages 261-262,data/raw_pdfs/airbus/Airbus_Annual_Report_2024.pdf,https://www.airbus.com/sites/g/files/jlcbta136/files/2025-04/Airbus%20Annual%20Report%202024.pdf
airbus::Airbus_Annual_Report_2024::0679,Airbus,annual_report,2024,Airbus_Annual_Report_2024.pdf,679,262,262,5. Key Estimates and Judgements,498,448,2949,Airbus | Airbus_Annual_Report_2024.pdf | page 262,data/raw_pdfs/airbus/Airbus_Annual_Report_2024.pdf,https://www.airbus.com/sites/g/files/jlcbta136/files/2025-04/Airbus%20Annual%20Report%202024.pdf
airbus::Airbus_Annual_Report_2024::0680,Airbus,annual_report,2024,Airbus_Annual_Report_2024.pdf,680,262,262,5. Key Estimates and Judgements,481,419,2823,Airbus | Airbus_Annual_Report_2024.pdf | page 262,data/raw_pdfs/airbus/Airbus_Annual_Report_2024.pdf,https://www.airbus.com/sites/g/files/jlcbta136/files/2025-04/Airbus%20Annual%20Report%202024.pdf
airbus::Airbus_Annual_Report_2024::0681,Airbus,annual_report,2024,Airbus_Annual_Report_2024.pdf,681,262,263,5. Key Estimates and Judgements,499,431,2944,Airbus | Airbus_Annual_Report_2024.pdf | pages 262-263,data/raw_pdfs/airbus/Airbus_Annual_Report_2024.pdf,https://www.airbus.com/sites/g/files/jlcbta136/files/2025-04/Airbus%20Annual%20Report%202024.pdf
airbus::Airbus_Annual_Report_2024::0682,Airbus,annual_report,2024,Airbus_Annual_Report_2024.pdf,682,263,264,6. Change in Accounting Policies and Disclosures,500,431,2916,Airbus | Airbus_Annual_Report_2024.pdf | pages 263-264,data/raw_pdfs/airbus/Airbus_Annual_Report_2024.pdf,https://www.airbus.com/sites/g/files/jlcbta136/files/2025-04/Airbus%20Annual%20Report%202024.pdf
airbus::Airbus_Annual_Report_2024::0683,Airbus,annual_report,2024,Airbus_Annual_Report_2024.pdf,683,264,265,2.2 Airbus Structure,487,447,2879,Airbus | Airbus_Annual_Report_2024.pdf | pages 264-265,data/raw_pdfs/airbus/Airbus_Annual_Report_2024.pdf,https://www.airbus.com/sites/g/files/jlcbta136/files/2025-04/Airbus%20Annual%20Report%202024.pdf
airbus::Airbus_Annual_Report_2024::0684,Airbus,annual_report,2024,Airbus_Annual_Report_2024.pdf,684,264,265,2.2 Airbus Structure,475,413,2701,Airbus | Airbus_Annual_Report_2024.pdf | pages 264-265,data/raw_pdfs/airbus/Airbus_Annual_Report_2024.pdf,https://www.airbus.com/sites/g/files/jlcbta136/files/2025-04/Airbus%20Annual%20Report%202024.pdf
airbus::Airbus_Annual_Report_2024::0685,Airbus,annual_report,2024,Airbus_Annual_Report_2024.pdf,685,265,265,8.1 Acquisitions,493,402,2602,Airbus | Airbus_Annual_Report_2024.pdf | page 265,data/raw_pdfs/airbus/Airbus_Annual_Report_2024.pdf,https://www.airbus.com/sites/g/files/jlcbta136/files/2025-04/Airbus%20Annual%20Report%202024.pdf
airbus::Airbus_Annual_Report_2024::0686,Airbus,annual_report,2024,Airbus_Annual_Report_2024.pdf,686,265,266,8.1 Acquisitions,497,402,2622,Airbus | Airbus_Annual_Report_2024.pdf | pages 265-266,data/raw_pdfs/airbus/Airbus_Annual_Report_2024.pdf,https://www.airbus.com/sites/g/files/jlcbta136/files/2025-04/Airbus%20Annual%20Report%202024.pdf
airbus::Airbus_Annual_Report_2024::0687,Airbus,annual_report,2024,Airbus_Annual_Report_2024.pdf,687,265,266,8.1 Acquisitions,493,402,2565,Airbus | Airbus_Annual_Report_2024.pdf | pages 265-266,data/raw_pdfs/airbus/Airbus_Annual_Report_2024.pdf,https://www.airbus.com/sites/g/files/jlcbta136/files/2025-04/Airbus%20Annual%20Report%202024.pdf
airbus::Airbus_Annual_Report_2024::0688,Airbus,annual_report,2024,Airbus_Annual_Report_2024.pdf,688,266,267,9. Investments Accounted for under the Equity Method,492,398,2598,Airbus | Airbus_Annual_Report_2024.pdf | pages 266-267,data/raw_pdfs/airbus/Airbus_Annual_Report_2024.pdf,https://www.airbus.com/sites/g/files/jlcbta136/files/2025-04/Airbus%20Annual%20Report%202024.pdf
airbus::Airbus_Annual_Report_2024::0689,Airbus,annual_report,2024,Airbus_Annual_Report_2024.pdf,689,266,267,9. Investments Accounted for under the Equity Method,499,339,2093,Airbus | Airbus_Annual_Report_2024.pdf | pages 266-267,data/raw_pdfs/airbus/Airbus_Annual_Report_2024.pdf,https://www.airbus.com/sites/g/files/jlcbta136/files/2025-04/Airbus%20Annual%20Report%202024.pdf
airbus::Airbus_Annual_Report_2024::0690,Airbus,annual_report,2024,Airbus_Annual_Report_2024.pdf,690,267,269,9. Investments Accounted for under the Equity Method,497,383,2164,Airbus | Airbus_Annual_Report_2024.pdf | pages 267-269,data/raw_pdfs/airbus/Airbus_Annual_Report_2024.pdf,https://www.airbus.com/sites/g/files/jlcbta136/files/2025-04/Airbus%20Annual%20Report%202024.pdf
airbus::Airbus_Annual_Report_2024::0691,Airbus,annual_report,2024,Airbus_Annual_Report_2024.pdf,691,268,270,9.2 Investments in Associates,481,393,2682,Airbus | Airbus_Annual_Report_2024.pdf | pages 268-270,data/raw_pdfs/airbus/Airbus_Annual_Report_2024.pdf,https://www.airbus.com/sites/g/files/jlcbta136/files/2025-04/Airbus%20Annual%20Report%202024.pdf
airbus::Airbus_Annual_Report_2024::0692,Airbus,annual_report,2024,Airbus_Annual_Report_2024.pdf,692,270,271,2.3 Segment Information,495,338,2320,Airbus | Airbus_Annual_Report_2024.pdf | pages 270-271,data/raw_pdfs/airbus/Airbus_Annual_Report_2024.pdf,https://www.airbus.com/sites/g/files/jlcbta136/files/2025-04/Airbus%20Annual%20Report%202024.pdf
airbus::Airbus_Annual_Report_2024::0693,Airbus,annual_report,2024,Airbus_Annual_Report_2024.pdf,693,270,271,2.3 Segment Information,485,316,2059,Airbus | Airbus_Annual_Report_2024.pdf | pages 270-271,data/raw_pdfs/airbus/Airbus_Annual_Report_2024.pdf,https://www.airbus.com/sites/g/files/jlcbta136/files/2025-04/Airbus%20Annual%20Report%202024.pdf
airbus::Airbus_Annual_Report_2024::0694,Airbus,annual_report,2024,Airbus_Annual_Report_2024.pdf,694,271,271,2.3 Segment Information,494,406,2621,Airbus | Airbus_Annual_Report_2024.pdf | page 271,data/raw_pdfs/airbus/Airbus_Annual_Report_2024.pdf,https://www.airbus.com/sites/g/files/jlcbta136/files/2025-04/Airbus%20Annual%20Report%202024.pdf
airbus::Airbus_Annual_Report_2024::0695,Airbus,annual_report,2024,Airbus_Annual_Report_2024.pdf,695,271,272,2.3 Segment Information,490,365,2433,Airbus | Airbus_Annual_Report_2024.pdf | pages 271-272,data/raw_pdfs/airbus/Airbus_Annual_Report_2024.pdf,https://www.airbus.com/sites/g/files/jlcbta136/files/2025-04/Airbus%20Annual%20Report%202024.pdf
airbus::Airbus_Annual_Report_2024::0696,Airbus,annual_report,2024,Airbus_Annual_Report_2024.pdf,696,272,273,2.3 Segment Information,467,349,2236,Airbus | Airbus_Annual_Report_2024.pdf | pages 272-273,data/raw_pdfs/airbus/Airbus_Annual_Report_2024.pdf,https://www.airbus.com/sites/g/files/jlcbta136/files/2025-04/Airbus%20Annual%20Report%202024.pdf
airbus::Airbus_Annual_Report_2024::0697,Airbus,annual_report,2024,Airbus_Annual_Report_2024.pdf,697,273,274,2.3 Segment Information,485,357,2262,Airbus | Airbus_Annual_Report_2024.pdf | pages 273-274,data/raw_pdfs/airbus/Airbus_Annual_Report_2024.pdf,https://www.airbus.com/sites/g/files/jlcbta136/files/2025-04/Airbus%20Annual%20Report%202024.pdf
airbus::Airbus_Annual_Report_2024::0698,Airbus,annual_report,2024,Airbus_Annual_Report_2024.pdf,698,274,275,2.4 Airbus Performance,495,415,2630,Airbus | Airbus_Annual_Report_2024.pdf | pages 274-275,data/raw_pdfs/airbus/Airbus_Annual_Report_2024.pdf,https://www.airbus.com/sites/g/files/jlcbta136/files/2025-04/Airbus%20Annual%20Report%202024.pdf
airbus::Airbus_Annual_Report_2024::0699,Airbus,annual_report,2024,Airbus_Annual_Report_2024.pdf,699,275,276,16. Total Financial Result,498,371,2275,Airbus | Airbus_Annual_Report_2024.pdf | pages 275-276,data/raw_pdfs/airbus/Airbus_Annual_Report_2024.pdf,https://www.airbus.com/sites/g/files/jlcbta136/files/2025-04/Airbus%20Annual%20Report%202024.pdf
airbus::Airbus_Annual_Report_2024::0700,Airbus,annual_report,2024,Airbus_Annual_Report_2024.pdf,700,275,276,16. Total Financial Result,465,359,2346,Airbus | Airbus_Annual_Report_2024.pdf | pages 275-276,data/raw_pdfs/airbus/Airbus_Annual_Report_2024.pdf,https://www.airbus.com/sites/g/files/jlcbta136/files/2025-04/Airbus%20Annual%20Report%202024.pdf
airbus::Airbus_Annual_Report_2024::0701,Airbus,annual_report,2024,Airbus_Annual_Report_2024.pdf,701,276,277,16. Total Financial Result,489,383,2444,Airbus | Airbus_Annual_Report_2024.pdf | pages 276-277,data/raw_pdfs/airbus/Airbus_Annual_Report_2024.pdf,https://www.airbus.com/sites/g/files/jlcbta136/files/2025-04/Airbus%20Annual%20Report%202024.pdf
airbus::Airbus_Annual_Report_2024::0702,Airbus,annual_report,2024,Airbus_Annual_Report_2024.pdf,702,277,278,16. Total Financial Result,495,326,2018,Airbus | Airbus_Annual_Report_2024.pdf | pages 277-278,data/raw_pdfs/airbus/Airbus_Annual_Report_2024.pdf,https://www.airbus.com/sites/g/files/jlcbta136/files/2025-04/Airbus%20Annual%20Report%202024.pdf
airbus::Airbus_Annual_Report_2024::0703,Airbus,annual_report,2024,Airbus_Annual_Report_2024.pdf,703,277,278,16. Total Financial Result,478,290,1813,Airbus | Airbus_Annual_Report_2024.pdf | pages 277-278,data/raw_pdfs/airbus/Airbus_Annual_Report_2024.pdf,https://www.airbus.com/sites/g/files/jlcbta136/files/2025-04/Airbus%20Annual%20Report%202024.pdf
airbus::Airbus_Annual_Report_2024::0704,Airbus,annual_report,2024,Airbus_Annual_Report_2024.pdf,704,278,279,18. Earnings per Share,498,327,2293,Airbus | Airbus_Annual_Report_2024.pdf | pages 278-279,data/raw_pdfs/airbus/Airbus_Annual_Report_2024.pdf,https://www.airbus.com/sites/g/files/jlcbta136/files/2025-04/Airbus%20Annual%20Report%202024.pdf
airbus::Airbus_Annual_Report_2024::0705,Airbus,annual_report,2024,Airbus_Annual_Report_2024.pdf,705,279,280,2.5 Operational Assets and Liabilities,472,302,1976,Airbus | Airbus_Annual_Report_2024.pdf | pages 279-280,data/raw_pdfs/airbus/Airbus_Annual_Report_2024.pdf,https://www.airbus.com/sites/g/files/jlcbta136/files/2025-04/Airbus%20Annual%20Report%202024.pdf
airbus::Airbus_Annual_Report_2024::0706,Airbus,annual_report,2024,Airbus_Annual_Report_2024.pdf,706,279,280,2.5 Operational Assets and Liabilities,387,328,2180,Airbus | Airbus_Annual_Report_2024.pdf | pages 279-280,data/raw_pdfs/airbus/Airbus_Annual_Report_2024.pdf,https://www.airbus.com/sites/g/files/jlcbta136/files/2025-04/Airbus%20Annual%20Report%202024.pdf
airbus::Airbus_Annual_Report_2024::0707,Airbus,annual_report,2024,Airbus_Annual_Report_2024.pdf,707,280,280,Impairment Tests,470,415,2624,Airbus | Airbus_Annual_Report_2024.pdf | page 280,data/raw_pdfs/airbus/Airbus_Annual_Report_2024.pdf,https://www.airbus.com/sites/g/files/jlcbta136/files/2025-04/Airbus%20Annual%20Report%202024.pdf
airbus::Airbus_Annual_Report_2024::0708,Airbus,annual_report,2024,Airbus_Annual_Report_2024.pdf,708,280,281,Impairment Tests,497,406,2700,Airbus | Airbus_Annual_Report_2024.pdf | pages 280-281,data/raw_pdfs/airbus/Airbus_Annual_Report_2024.pdf,https://www.airbus.com/sites/g/files/jlcbta136/files/2025-04/Airbus%20Annual%20Report%202024.pdf
airbus::Airbus_Annual_Report_2024::0709,Airbus,annual_report,2024,Airbus_Annual_Report_2024.pdf,709,281,281,"20. Property, Plant and Equipment",493,382,2505,Airbus | Airbus_Annual_Report_2024.pdf | page 281,data/raw_pdfs/airbus/Airbus_Annual_Report_2024.pdf,https://www.airbus.com/sites/g/files/jlcbta136/files/2025-04/Airbus%20Annual%20Report%202024.pdf
airbus::Airbus_Annual_Report_2024::0710,Airbus,annual_report,2024,Airbus_Annual_Report_2024.pdf,710,281,282,"20. Property, Plant and Equipment",493,291,1933,Airbus | Airbus_Annual_Report_2024.pdf | pages 281-282,data/raw_pdfs/airbus/Airbus_Annual_Report_2024.pdf,https://www.airbus.com/sites/g/files/jlcbta136/files/2025-04/Airbus%20Annual%20Report%202024.pdf
airbus::Airbus_Annual_Report_2024::0711,Airbus,annual_report,2024,Airbus_Annual_Report_2024.pdf,711,282,283,Net Book Value,490,298,1906,Airbus | Airbus_Annual_Report_2024.pdf | pages 282-283,data/raw_pdfs/airbus/Airbus_Annual_Report_2024.pdf,https://www.airbus.com/sites/g/files/jlcbta136/files/2025-04/Airbus%20Annual%20Report%202024.pdf
airbus::Airbus_Annual_Report_2024::0712,Airbus,annual_report,2024,Airbus_Annual_Report_2024.pdf,712,282,284,Net Book Value,500,394,2693,Airbus | Airbus_Annual_Report_2024.pdf | pages 282-284,data/raw_pdfs/airbus/Airbus_Annual_Report_2024.pdf,https://www.airbus.com/sites/g/files/jlcbta136/files/2025-04/Airbus%20Annual%20Report%202024.pdf
airbus::Airbus_Annual_Report_2024::0713,Airbus,annual_report,2024,Airbus_Annual_Report_2024.pdf,713,283,284,The Company as lessee,493,390,2691,Airbus | Airbus_Annual_Report_2024.pdf | pages 283-284,data/raw_pdfs/airbus/Airbus_Annual_Report_2024.pdf,https://www.airbus.com/sites/g/files/jlcbta136/files/2025-04/Airbus%20Annual%20Report%202024.pdf
airbus::Airbus_Annual_Report_2024::0714,Airbus,annual_report,2024,Airbus_Annual_Report_2024.pdf,714,284,285,21. Other Investments and Other Long-Term Financial Assets,495,398,2706,Airbus | Airbus_Annual_Report_2024.pdf | pages 284-285,data/raw_pdfs/airbus/Airbus_Annual_Report_2024.pdf,https://www.airbus.com/sites/g/files/jlcbta136/files/2025-04/Airbus%20Annual%20Report%202024.pdf
airbus::Airbus_Annual_Report_2024::0715,Airbus,annual_report,2024,Airbus_Annual_Report_2024.pdf,715,285,285,Trade Liabilities,498,438,2796,Airbus | Airbus_Annual_Report_2024.pdf | page 285,data/raw_pdfs/airbus/Airbus_Annual_Report_2024.pdf,https://www.airbus.com/sites/g/files/jlcbta136/files/2025-04/Airbus%20Annual%20Report%202024.pdf
airbus::Airbus_Annual_Report_2024::0716,Airbus,annual_report,2024,Airbus_Annual_Report_2024.pdf,716,285,286,Trade Liabilities,487,340,2173,Airbus | Airbus_Annual_Report_2024.pdf | pages 285-286,data/raw_pdfs/airbus/Airbus_Annual_Report_2024.pdf,https://www.airbus.com/sites/g/files/jlcbta136/files/2025-04/Airbus%20Annual%20Report%202024.pdf
airbus::Airbus_Annual_Report_2024::0717,Airbus,annual_report,2024,Airbus_Annual_Report_2024.pdf,717,285,286,Trade Liabilities,484,366,2368,Airbus | Airbus_Annual_Report_2024.pdf | pages 285-286,data/raw_pdfs/airbus/Airbus_Annual_Report_2024.pdf,https://www.airbus.com/sites/g/files/jlcbta136/files/2025-04/Airbus%20Annual%20Report%202024.pdf
airbus::Airbus_Annual_Report_2024::0718,Airbus,annual_report,2024,Airbus_Annual_Report_2024.pdf,718,286,287,"24. Provisions, Contingent Assets and Contingent Liabilities",432,297,1793,Airbus | Airbus_Annual_Report_2024.pdf | pages 286-287,data/raw_pdfs/airbus/Airbus_Annual_Report_2024.pdf,https://www.airbus.com/sites/g/files/jlcbta136/files/2025-04/Airbus%20Annual%20Report%202024.pdf
airbus::Airbus_Annual_Report_2024::0719,Airbus,annual_report,2024,Airbus_Annual_Report_2024.pdf,719,286,287,"24. Provisions, Contingent Assets and Contingent Liabilities",495,381,2680,Airbus | Airbus_Annual_Report_2024.pdf | pages 286-287,data/raw_pdfs/airbus/Airbus_Annual_Report_2024.pdf,https://www.airbus.com/sites/g/files/jlcbta136/files/2025-04/Airbus%20Annual%20Report%202024.pdf
airbus::Airbus_Annual_Report_2024::0720,Airbus,annual_report,2024,Airbus_Annual_Report_2024.pdf,720,287,288,25. Other Financial Assets and Other Financial Liabilities,408,310,1984,Airbus | Airbus_Annual_Report_2024.pdf | pages 287-288,data/raw_pdfs/airbus/Airbus_Annual_Report_2024.pdf,https://www.airbus.com/sites/g/files/jlcbta136/files/2025-04/Airbus%20Annual%20Report%202024.pdf
airbus::Airbus_Annual_Report_2024::0721,Airbus,annual_report,2024,Airbus_Annual_Report_2024.pdf,721,288,289,26. Other Assets and Other Liabilities,495,393,2502,Airbus | Airbus_Annual_Report_2024.pdf | pages 288-289,data/raw_pdfs/airbus/Airbus_Annual_Report_2024.pdf,https://www.airbus.com/sites/g/files/jlcbta136/files/2025-04/Airbus%20Annual%20Report%202024.pdf
airbus::Airbus_Annual_Report_2024::0722,Airbus,annual_report,2024,Airbus_Annual_Report_2024.pdf,722,289,289,27. Sales Financing Transactions,394,323,2045,Airbus | Airbus_Annual_Report_2024.pdf | page 289,data/raw_pdfs/airbus/Airbus_Annual_Report_2024.pdf,https://www.airbus.com/sites/g/files/jlcbta136/files/2025-04/Airbus%20Annual%20Report%202024.pdf
airbus::Airbus_Annual_Report_2024::0723,Airbus,annual_report,2024,Airbus_Annual_Report_2024.pdf,723,289,289,27. Sales Financing Transactions,491,409,2712,Airbus | Airbus_Annual_Report_2024.pdf | page 289,data/raw_pdfs/airbus/Airbus_Annual_Report_2024.pdf,https://www.airbus.com/sites/g/files/jlcbta136/files/2025-04/Airbus%20Annual%20Report%202024.pdf
airbus::Airbus_Annual_Report_2024::0724,Airbus,annual_report,2024,Airbus_Annual_Report_2024.pdf,724,289,289,27. Sales Financing Transactions,488,430,2790,Airbus | Airbus_Annual_Report_2024.pdf | page 289,data/raw_pdfs/airbus/Airbus_Annual_Report_2024.pdf,https://www.airbus.com/sites/g/files/jlcbta136/files/2025-04/Airbus%20Annual%20Report%202024.pdf
airbus::Airbus_Annual_Report_2024::0725,Airbus,annual_report,2024,Airbus_Annual_Report_2024.pdf,725,289,290,27. Sales Financing Transactions,489,432,2849,Airbus | Airbus_Annual_Report_2024.pdf | pages 289-290,data/raw_pdfs/airbus/Airbus_Annual_Report_2024.pdf,https://www.airbus.com/sites/g/files/jlcbta136/files/2025-04/Airbus%20Annual%20Report%202024.pdf
airbus::Airbus_Annual_Report_2024::0726,Airbus,annual_report,2024,Airbus_Annual_Report_2024.pdf,726,290,292,On-Balance Sheet Operating and Finance Leases,500,406,2380,Airbus | Airbus_Annual_Report_2024.pdf | pages 290-292,data/raw_pdfs/airbus/Airbus_Annual_Report_2024.pdf,https://www.airbus.com/sites/g/files/jlcbta136/files/2025-04/Airbus%20Annual%20Report%202024.pdf
airbus::Airbus_Annual_Report_2024::0727,Airbus,annual_report,2024,Airbus_Annual_Report_2024.pdf,727,291,293,Customer Financing Exposure,498,353,2297,Airbus | Airbus_Annual_Report_2024.pdf | pages 291-293,data/raw_pdfs/airbus/Airbus_Annual_Report_2024.pdf,https://www.airbus.com/sites/g/files/jlcbta136/files/2025-04/Airbus%20Annual%20Report%202024.pdf
airbus::Airbus_Annual_Report_2024::0728,Airbus,annual_report,2024,Airbus_Annual_Report_2024.pdf,728,292,293,2.6 Employees Costs and Benefits,440,384,2481,Airbus | Airbus_Annual_Report_2024.pdf | pages 292-293,data/raw_pdfs/airbus/Airbus_Annual_Report_2024.pdf,https://www.airbus.com/sites/g/files/jlcbta136/files/2025-04/Airbus%20Annual%20Report%202024.pdf
airbus::Airbus_Annual_Report_2024::0729,Airbus,annual_report,2024,Airbus_Annual_Report_2024.pdf,729,293,293,Plans description,495,450,2863,Airbus | Airbus_Annual_Report_2024.pdf | page 293,data/raw_pdfs/airbus/Airbus_Annual_Report_2024.pdf,https://www.airbus.com/sites/g/files/jlcbta136/files/2025-04/Airbus%20Annual%20Report%202024.pdf
airbus::Airbus_Annual_Report_2024::0730,Airbus,annual_report,2024,Airbus_Annual_Report_2024.pdf,730,293,293,Plans description,471,423,2664,Airbus | Airbus_Annual_Report_2024.pdf | page 293,data/raw_pdfs/airbus/Airbus_Annual_Report_2024.pdf,https://www.airbus.com/sites/g/files/jlcbta136/files/2025-04/Airbus%20Annual%20Report%202024.pdf
airbus::Airbus_Annual_Report_2024::0731,Airbus,annual_report,2024,Airbus_Annual_Report_2024.pdf,731,293,294,Plans description,441,388,2529,Airbus | Airbus_Annual_Report_2024.pdf | pages 293-294,data/raw_pdfs/airbus/Airbus_Annual_Report_2024.pdf,https://www.airbus.com/sites/g/files/jlcbta136/files/2025-04/Airbus%20Annual%20Report%202024.pdf
airbus::Airbus_Annual_Report_2024::0732,Airbus,annual_report,2024,Airbus_Annual_Report_2024.pdf,732,294,294,Actuarial risks for the Company,464,354,2130,Airbus | Airbus_Annual_Report_2024.pdf | page 294,data/raw_pdfs/airbus/Airbus_Annual_Report_2024.pdf,https://www.airbus.com/sites/g/files/jlcbta136/files/2025-04/Airbus%20Annual%20Report%202024.pdf
airbus::Airbus_Annual_Report_2024::0733,Airbus,annual_report,2024,Airbus_Annual_Report_2024.pdf,733,294,295,Actuarial risks for the Company,497,386,2404,Airbus | Airbus_Annual_Report_2024.pdf | pages 294-295,data/raw_pdfs/airbus/Airbus_Annual_Report_2024.pdf,https://www.airbus.com/sites/g/files/jlcbta136/files/2025-04/Airbus%20Annual%20Report%202024.pdf
airbus::Airbus_Annual_Report_2024::0734,Airbus,annual_report,2024,Airbus_Annual_Report_2024.pdf,734,294,295,Actuarial risks for the Company,489,343,2091,Airbus | Airbus_Annual_Report_2024.pdf | pages 294-295,data/raw_pdfs/airbus/Airbus_Annual_Report_2024.pdf,https://www.airbus.com/sites/g/files/jlcbta136/files/2025-04/Airbus%20Annual%20Report%202024.pdf
airbus::Airbus_Annual_Report_2024::0735,Airbus,annual_report,2024,Airbus_Annual_Report_2024.pdf,735,295,296,Funded status for retirement and deferred compensation plans,493,359,2108,Airbus | Airbus_Annual_Report_2024.pdf | pages 295-296,data/raw_pdfs/airbus/Airbus_Annual_Report_2024.pdf,https://www.airbus.com/sites/g/files/jlcbta136/files/2025-04/Airbus%20Annual%20Report%202024.pdf
airbus::Airbus_Annual_Report_2024::0736,Airbus,annual_report,2024,Airbus_Annual_Report_2024.pdf,736,295,297,Funded status for retirement and deferred compensation plans,491,395,2381,Airbus | Airbus_Annual_Report_2024.pdf | pages 295-297,data/raw_pdfs/airbus/Airbus_Annual_Report_2024.pdf,https://www.airbus.com/sites/g/files/jlcbta136/files/2025-04/Airbus%20Annual%20Report%202024.pdf
airbus::Airbus_Annual_Report_2024::0737,Airbus,annual_report,2024,Airbus_Annual_Report_2024.pdf,737,296,298,Pension obligations by countries and type of beneficiaries,500,387,2460,Airbus | Airbus_Annual_Report_2024.pdf | pages 296-298,data/raw_pdfs/airbus/Airbus_Annual_Report_2024.pdf,https://www.airbus.com/sites/g/files/jlcbta136/files/2025-04/Airbus%20Annual%20Report%202024.pdf
airbus::Airbus_Annual_Report_2024::0738,Airbus,annual_report,2024,Airbus_Annual_Report_2024.pdf,738,297,298,Pension obligations sensitivity to main assumptions,485,385,2322,Airbus | Airbus_Annual_Report_2024.pdf | pages 297-298,data/raw_pdfs/airbus/Airbus_Annual_Report_2024.pdf,https://www.airbus.com/sites/g/files/jlcbta136/files/2025-04/Airbus%20Annual%20Report%202024.pdf
airbus::Airbus_Annual_Report_2024::0739,Airbus,annual_report,2024,Airbus_Annual_Report_2024.pdf,739,298,299,Plan assets allocation,487,374,2402,Airbus | Airbus_Annual_Report_2024.pdf | pages 298-299,data/raw_pdfs/airbus/Airbus_Annual_Report_2024.pdf,https://www.airbus.com/sites/g/files/jlcbta136/files/2025-04/Airbus%20Annual%20Report%202024.pdf
airbus::Airbus_Annual_Report_2024::0740,Airbus,annual_report,2024,Airbus_Annual_Report_2024.pdf,740,299,299,Contributions to defined contribution plans,444,362,2304,Airbus | Airbus_Annual_Report_2024.pdf | page 299,data/raw_pdfs/airbus/Airbus_Annual_Report_2024.pdf,https://www.airbus.com/sites/g/files/jlcbta136/files/2025-04/Airbus%20Annual%20Report%202024.pdf
airbus::Airbus_Annual_Report_2024::0741,Airbus,annual_report,2024,Airbus_Annual_Report_2024.pdf,741,299,300,Contributions to defined contribution plans,460,365,2219,Airbus | Airbus_Annual_Report_2024.pdf | pages 299-300,data/raw_pdfs/airbus/Airbus_Annual_Report_2024.pdf,https://www.airbus.com/sites/g/files/jlcbta136/files/2025-04/Airbus%20Annual%20Report%202024.pdf
airbus::Airbus_Annual_Report_2024::0742,Airbus,annual_report,2024,Airbus_Annual_Report_2024.pdf,742,300,300,Contributions to defined contribution plans,476,289,1709,Airbus | Airbus_Annual_Report_2024.pdf | page 300,data/raw_pdfs/airbus/Airbus_Annual_Report_2024.pdf,https://www.airbus.com/sites/g/files/jlcbta136/files/2025-04/Airbus%20Annual%20Report%202024.pdf
airbus::Airbus_Annual_Report_2024::0743,Airbus,annual_report,2024,Airbus_Annual_Report_2024.pdf,743,300,301,Contributions to defined contribution plans,495,369,2290,Airbus | Airbus_Annual_Report_2024.pdf | pages 300-301,data/raw_pdfs/airbus/Airbus_Annual_Report_2024.pdf,https://www.airbus.com/sites/g/files/jlcbta136/files/2025-04/Airbus%20Annual%20Report%202024.pdf
airbus::Airbus_Annual_Report_2024::0744,Airbus,annual_report,2024,Airbus_Annual_Report_2024.pdf,744,300,301,Contributions to defined contribution plans,497,360,2174,Airbus | Airbus_Annual_Report_2024.pdf | pages 300-301,data/raw_pdfs/airbus/Airbus_Annual_Report_2024.pdf,https://www.airbus.com/sites/g/files/jlcbta136/files/2025-04/Airbus%20Annual%20Report%202024.pdf
airbus::Airbus_Annual_Report_2024::0745,Airbus,annual_report,2024,Airbus_Annual_Report_2024.pdf,745,301,301,32.2 ESOP,445,333,2135,Airbus | Airbus_Annual_Report_2024.pdf | page 301,data/raw_pdfs/airbus/Airbus_Annual_Report_2024.pdf,https://www.airbus.com/sites/g/files/jlcbta136/files/2025-04/Airbus%20Annual%20Report%202024.pdf
airbus::Airbus_Annual_Report_2024::0746,Airbus,annual_report,2024,Airbus_Annual_Report_2024.pdf,746,301,302,32.2 ESOP,467,347,2329,Airbus | Airbus_Annual_Report_2024.pdf | pages 301-302,data/raw_pdfs/airbus/Airbus_Annual_Report_2024.pdf,https://www.airbus.com/sites/g/files/jlcbta136/files/2025-04/Airbus%20Annual%20Report%202024.pdf
airbus::Airbus_Annual_Report_2024::0747,Airbus,annual_report,2024,Airbus_Annual_Report_2024.pdf,747,302,302,33.2 Remuneration – CEO,486,395,2507,Airbus | Airbus_Annual_Report_2024.pdf | page 302,data/raw_pdfs/airbus/Airbus_Annual_Report_2024.pdf,https://www.airbus.com/sites/g/files/jlcbta136/files/2025-04/Airbus%20Annual%20Report%202024.pdf
airbus::Airbus_Annual_Report_2024::0748,Airbus,annual_report,2024,Airbus_Annual_Report_2024.pdf,748,302,303,33.2 Remuneration – CEO,492,371,2459,Airbus | Airbus_Annual_Report_2024.pdf | pages 302-303,data/raw_pdfs/airbus/Airbus_Annual_Report_2024.pdf,https://www.airbus.com/sites/g/files/jlcbta136/files/2025-04/Airbus%20Annual%20Report%202024.pdf
airbus::Airbus_Annual_Report_2024::0749,Airbus,annual_report,2024,Airbus_Annual_Report_2024.pdf,749,302,303,33.2 Remuneration – CEO,487,384,2390,Airbus | Airbus_Annual_Report_2024.pdf | pages 302-303,data/raw_pdfs/airbus/Airbus_Annual_Report_2024.pdf,https://www.airbus.com/sites/g/files/jlcbta136/files/2025-04/Airbus%20Annual%20Report%202024.pdf
airbus::Airbus_Annual_Report_2024::0750,Airbus,annual_report,2024,Airbus_Annual_Report_2024.pdf,750,303,304,33.2 Remuneration – CEO,497,339,2144,Airbus | Airbus_Annual_Report_2024.pdf | pages 303-304,data/raw_pdfs/airbus/Airbus_Annual_Report_2024.pdf,https://www.airbus.com/sites/g/files/jlcbta136/files/2025-04/Airbus%20Annual%20Report%202024.pdf
airbus::Airbus_Annual_Report_2024::0751,Airbus,annual_report,2024,Airbus_Annual_Report_2024.pdf,751,304,304,33.3 Remuneration – Board of Directors,490,270,1783,Airbus | Airbus_Annual_Report_2024.pdf | page 304,data/raw_pdfs/airbus/Airbus_Annual_Report_2024.pdf,https://www.airbus.com/sites/g/files/jlcbta136/files/2025-04/Airbus%20Annual%20Report%202024.pdf
airbus::Airbus_Annual_Report_2024::0752,Airbus,annual_report,2024,Airbus_Annual_Report_2024.pdf,752,304,305,33.3 Remuneration – Board of Directors,438,328,2054,Airbus | Airbus_Annual_Report_2024.pdf | pages 304-305,data/raw_pdfs/airbus/Airbus_Annual_Report_2024.pdf,https://www.airbus.com/sites/g/files/jlcbta136/files/2025-04/Airbus%20Annual%20Report%202024.pdf
airbus::Airbus_Annual_Report_2024::0753,Airbus,annual_report,2024,Airbus_Annual_Report_2024.pdf,753,305,305,2.7 Capital Structure and Financial Instruments,473,339,2082,Airbus | Airbus_Annual_Report_2024.pdf | page 305,data/raw_pdfs/airbus/Airbus_Annual_Report_2024.pdf,https://www.airbus.com/sites/g/files/jlcbta136/files/2025-04/Airbus%20Annual%20Report%202024.pdf
airbus::Airbus_Annual_Report_2024::0754,Airbus,annual_report,2024,Airbus_Annual_Report_2024.pdf,754,305,306,2.7 Capital Structure and Financial Instruments,499,408,2421,Airbus | Airbus_Annual_Report_2024.pdf | pages 305-306,data/raw_pdfs/airbus/Airbus_Annual_Report_2024.pdf,https://www.airbus.com/sites/g/files/jlcbta136/files/2025-04/Airbus%20Annual%20Report%202024.pdf
airbus::Airbus_Annual_Report_2024::0755,Airbus,annual_report,2024,Airbus_Annual_Report_2024.pdf,755,305,306,2.7 Capital Structure and Financial Instruments,491,385,2636,Airbus | Airbus_Annual_Report_2024.pdf | pages 305-306,data/raw_pdfs/airbus/Airbus_Annual_Report_2024.pdf,https://www.airbus.com/sites/g/files/jlcbta136/files/2025-04/Airbus%20Annual%20Report%202024.pdf
airbus::Airbus_Annual_Report_2024::0756,Airbus,annual_report,2024,Airbus_Annual_Report_2024.pdf,756,306,307,35. Capital Management,484,362,2429,Airbus | Airbus_Annual_Report_2024.pdf | pages 306-307,data/raw_pdfs/airbus/Airbus_Annual_Report_2024.pdf,https://www.airbus.com/sites/g/files/jlcbta136/files/2025-04/Airbus%20Annual%20Report%202024.pdf
airbus::Airbus_Annual_Report_2024::0757,Airbus,annual_report,2024,Airbus_Annual_Report_2024.pdf,757,306,307,35. Capital Management,493,389,2604,Airbus | Airbus_Annual_Report_2024.pdf | pages 306-307,data/raw_pdfs/airbus/Airbus_Annual_Report_2024.pdf,https://www.airbus.com/sites/g/files/jlcbta136/files/2025-04/Airbus%20Annual%20Report%202024.pdf
airbus::Airbus_Annual_Report_2024::0758,Airbus,annual_report,2024,Airbus_Annual_Report_2024.pdf,758,307,308,36.1 Cash and Cash Equivalents,435,343,2228,Airbus | Airbus_Annual_Report_2024.pdf | pages 307-308,data/raw_pdfs/airbus/Airbus_Annual_Report_2024.pdf,https://www.airbus.com/sites/g/files/jlcbta136/files/2025-04/Airbus%20Annual%20Report%202024.pdf
airbus::Airbus_Annual_Report_2024::0759,Airbus,annual_report,2024,Airbus_Annual_Report_2024.pdf,759,307,308,36.1 Cash and Cash Equivalents,464,368,2547,Airbus | Airbus_Annual_Report_2024.pdf | pages 307-308,data/raw_pdfs/airbus/Airbus_Annual_Report_2024.pdf,https://www.airbus.com/sites/g/files/jlcbta136/files/2025-04/Airbus%20Annual%20Report%202024.pdf
airbus::Airbus_Annual_Report_2024::0760,Airbus,annual_report,2024,Airbus_Annual_Report_2024.pdf,760,308,309,36.3 Financing Liabilities,499,403,2557,Airbus | Airbus_Annual_Report_2024.pdf | pages 308-309,data/raw_pdfs/airbus/Airbus_Annual_Report_2024.pdf,https://www.airbus.com/sites/g/files/jlcbta136/files/2025-04/Airbus%20Annual%20Report%202024.pdf
airbus::Airbus_Annual_Report_2024::0761,Airbus,annual_report,2024,Airbus_Annual_Report_2024.pdf,761,308,309,36.3 Financing Liabilities,465,365,2143,Airbus | Airbus_Annual_Report_2024.pdf | pages 308-309,data/raw_pdfs/airbus/Airbus_Annual_Report_2024.pdf,https://www.airbus.com/sites/g/files/jlcbta136/files/2025-04/Airbus%20Annual%20Report%202024.pdf
airbus::Airbus_Annual_Report_2024::0762,Airbus,annual_report,2024,Airbus_Annual_Report_2024.pdf,762,309,310,36.3 Financing Liabilities,491,327,1878,Airbus | Airbus_Annual_Report_2024.pdf | pages 309-310,data/raw_pdfs/airbus/Airbus_Annual_Report_2024.pdf,https://www.airbus.com/sites/g/files/jlcbta136/files/2025-04/Airbus%20Annual%20Report%202024.pdf
airbus::Airbus_Annual_Report_2024::0763,Airbus,annual_report,2024,Airbus_Annual_Report_2024.pdf,763,309,311,36.3 Financing Liabilities,483,380,2469,Airbus | Airbus_Annual_Report_2024.pdf | pages 309-311,data/raw_pdfs/airbus/Airbus_Annual_Report_2024.pdf,https://www.airbus.com/sites/g/files/jlcbta136/files/2025-04/Airbus%20Annual%20Report%202024.pdf
airbus::Airbus_Annual_Report_2024::0764,Airbus,annual_report,2024,Airbus_Annual_Report_2024.pdf,764,311,311,37. Financial Instruments,462,412,2743,Airbus | Airbus_Annual_Report_2024.pdf | page 311,data/raw_pdfs/airbus/Airbus_Annual_Report_2024.pdf,https://www.airbus.com/sites/g/files/jlcbta136/files/2025-04/Airbus%20Annual%20Report%202024.pdf
airbus::Airbus_Annual_Report_2024::0765,Airbus,annual_report,2024,Airbus_Annual_Report_2024.pdf,765,311,311,37. Financial Instruments,458,421,2645,Airbus | Airbus_Annual_Report_2024.pdf | page 311,data/raw_pdfs/airbus/Airbus_Annual_Report_2024.pdf,https://www.airbus.com/sites/g/files/jlcbta136/files/2025-04/Airbus%20Annual%20Report%202024.pdf
airbus::Airbus_Annual_Report_2024::0766,Airbus,annual_report,2024,Airbus_Annual_Report_2024.pdf,766,311,312,37. Financial Instruments,492,444,2820,Airbus | Airbus_Annual_Report_2024.pdf | pages 311-312,data/raw_pdfs/airbus/Airbus_Annual_Report_2024.pdf,https://www.airbus.com/sites/g/files/jlcbta136/files/2025-04/Airbus%20Annual%20Report%202024.pdf
airbus::Airbus_Annual_Report_2024::0767,Airbus,annual_report,2024,Airbus_Annual_Report_2024.pdf,767,312,312,37. Financial Instruments,427,386,2430,Airbus | Airbus_Annual_Report_2024.pdf | page 312,data/raw_pdfs/airbus/Airbus_Annual_Report_2024.pdf,https://www.airbus.com/sites/g/files/jlcbta136/files/2025-04/Airbus%20Annual%20Report%202024.pdf
airbus::Airbus_Annual_Report_2024::0768,Airbus,annual_report,2024,Airbus_Annual_Report_2024.pdf,768,312,312,37. Financial Instruments,479,425,2670,Airbus | Airbus_Annual_Report_2024.pdf | page 312,data/raw_pdfs/airbus/Airbus_Annual_Report_2024.pdf,https://www.airbus.com/sites/g/files/jlcbta136/files/2025-04/Airbus%20Annual%20Report%202024.pdf
airbus::Airbus_Annual_Report_2024::0769,Airbus,annual_report,2024,Airbus_Annual_Report_2024.pdf,769,312,312,37. Financial Instruments,417,373,2379,Airbus | Airbus_Annual_Report_2024.pdf | page 312,data/raw_pdfs/airbus/Airbus_Annual_Report_2024.pdf,https://www.airbus.com/sites/g/files/jlcbta136/files/2025-04/Airbus%20Annual%20Report%202024.pdf
airbus::Airbus_Annual_Report_2024::0770,Airbus,annual_report,2024,Airbus_Annual_Report_2024.pdf,770,312,313,37. Financial Instruments,424,363,2419,Airbus | Airbus_Annual_Report_2024.pdf | pages 312-313,data/raw_pdfs/airbus/Airbus_Annual_Report_2024.pdf,https://www.airbus.com/sites/g/files/jlcbta136/files/2025-04/Airbus%20Annual%20Report%202024.pdf
airbus::Airbus_Annual_Report_2024::0771,Airbus,annual_report,2024,Airbus_Annual_Report_2024.pdf,771,313,313,37. Financial Instruments,484,425,2683,Airbus | Airbus_Annual_Report_2024.pdf | page 313,data/raw_pdfs/airbus/Airbus_Annual_Report_2024.pdf,https://www.airbus.com/sites/g/files/jlcbta136/files/2025-04/Airbus%20Annual%20Report%202024.pdf
airbus::Airbus_Annual_Report_2024::0772,Airbus,annual_report,2024,Airbus_Annual_Report_2024.pdf,772,313,314,37. Financial Instruments,383,335,2087,Airbus | Airbus_Annual_Report_2024.pdf | pages 313-314,data/raw_pdfs/airbus/Airbus_Annual_Report_2024.pdf,https://www.airbus.com/sites/g/files/jlcbta136/files/2025-04/Airbus%20Annual%20Report%202024.pdf
airbus::Airbus_Annual_Report_2024::0773,Airbus,annual_report,2024,Airbus_Annual_Report_2024.pdf,773,314,314,37. Financial Instruments,482,354,2315,Airbus | Airbus_Annual_Report_2024.pdf | page 314,data/raw_pdfs/airbus/Airbus_Annual_Report_2024.pdf,https://www.airbus.com/sites/g/files/jlcbta136/files/2025-04/Airbus%20Annual%20Report%202024.pdf
airbus::Airbus_Annual_Report_2024::0774,Airbus,annual_report,2024,Airbus_Annual_Report_2024.pdf,774,314,315,37. Financial Instruments,493,260,1843,Airbus | Airbus_Annual_Report_2024.pdf | pages 314-315,data/raw_pdfs/airbus/Airbus_Annual_Report_2024.pdf,https://www.airbus.com/sites/g/files/jlcbta136/files/2025-04/Airbus%20Annual%20Report%202024.pdf
airbus::Airbus_Annual_Report_2024::0775,Airbus,annual_report,2024,Airbus_Annual_Report_2024.pdf,775,315,315,37.2 Carrying Amounts and Fair Values of Financial Instruments,459,394,2742,Airbus | Airbus_Annual_Report_2024.pdf | page 315,data/raw_pdfs/airbus/Airbus_Annual_Report_2024.pdf,https://www.airbus.com/sites/g/files/jlcbta136/files/2025-04/Airbus%20Annual%20Report%202024.pdf
airbus::Airbus_Annual_Report_2024::0776,Airbus,annual_report,2024,Airbus_Annual_Report_2024.pdf,776,315,316,37.2 Carrying Amounts and Fair Values of Financial Instruments,500,439,2937,Airbus | Airbus_Annual_Report_2024.pdf | pages 315-316,data/raw_pdfs/airbus/Airbus_Annual_Report_2024.pdf,https://www.airbus.com/sites/g/files/jlcbta136/files/2025-04/Airbus%20Annual%20Report%202024.pdf
airbus::Airbus_Annual_Report_2024::0777,Airbus,annual_report,2024,Airbus_Annual_Report_2024.pdf,777,316,316,37.2 Carrying Amounts and Fair Values of Financial Instruments,470,250,1643,Airbus | Airbus_Annual_Report_2024.pdf | page 316,data/raw_pdfs/airbus/Airbus_Annual_Report_2024.pdf,https://www.airbus.com/sites/g/files/jlcbta136/files/2025-04/Airbus%20Annual%20Report%202024.pdf
airbus::Airbus_Annual_Report_2024::0778,Airbus,annual_report,2024,Airbus_Annual_Report_2024.pdf,778,316,317,37.2 Carrying Amounts and Fair Values of Financial Instruments,479,304,1985,Airbus | Airbus_Annual_Report_2024.pdf | pages 316-317,data/raw_pdfs/airbus/Airbus_Annual_Report_2024.pdf,https://www.airbus.com/sites/g/files/jlcbta136/files/2025-04/Airbus%20Annual%20Report%202024.pdf
airbus::Airbus_Annual_Report_2024::0779,Airbus,annual_report,2024,Airbus_Annual_Report_2024.pdf,779,317,317,37.2 Carrying Amounts and Fair Values of Financial Instruments,459,281,1872,Airbus | Airbus_Annual_Report_2024.pdf | page 317,data/raw_pdfs/airbus/Airbus_Annual_Report_2024.pdf,https://www.airbus.com/sites/g/files/jlcbta136/files/2025-04/Airbus%20Annual%20Report%202024.pdf
airbus::Airbus_Annual_Report_2024::0780,Airbus,annual_report,2024,Airbus_Annual_Report_2024.pdf,780,317,318,37.2 Carrying Amounts and Fair Values of Financial Instruments,486,425,2575,Airbus | Airbus_Annual_Report_2024.pdf | pages 317-318,data/raw_pdfs/airbus/Airbus_Annual_Report_2024.pdf,https://www.airbus.com/sites/g/files/jlcbta136/files/2025-04/Airbus%20Annual%20Report%202024.pdf
airbus::Airbus_Annual_Report_2024::0781,Airbus,annual_report,2024,Airbus_Annual_Report_2024.pdf,781,318,319,37.2 Carrying Amounts and Fair Values of Financial Instruments,443,312,1596,Airbus | Airbus_Annual_Report_2024.pdf | pages 318-319,data/raw_pdfs/airbus/Airbus_Annual_Report_2024.pdf,https://www.airbus.com/sites/g/files/jlcbta136/files/2025-04/Airbus%20Annual%20Report%202024.pdf
airbus::Airbus_Annual_Report_2024::0782,Airbus,annual_report,2024,Airbus_Annual_Report_2024.pdf,782,318,319,37.2 Carrying Amounts and Fair Values of Financial Instruments,481,406,2549,Airbus | Airbus_Annual_Report_2024.pdf | pages 318-319,data/raw_pdfs/airbus/Airbus_Annual_Report_2024.pdf,https://www.airbus.com/sites/g/files/jlcbta136/files/2025-04/Airbus%20Annual%20Report%202024.pdf
airbus::Airbus_Annual_Report_2024::0783,Airbus,annual_report,2024,Airbus_Annual_Report_2024.pdf,783,319,319,37.2 Carrying Amounts and Fair Values of Financial Instruments,500,459,2988,Airbus | Airbus_Annual_Report_2024.pdf | page 319,data/raw_pdfs/airbus/Airbus_Annual_Report_2024.pdf,https://www.airbus.com/sites/g/files/jlcbta136/files/2025-04/Airbus%20Annual%20Report%202024.pdf
airbus::Airbus_Annual_Report_2024::0784,Airbus,annual_report,2024,Airbus_Annual_Report_2024.pdf,784,319,320,37.2 Carrying Amounts and Fair Values of Financial Instruments,494,409,2637,Airbus | Airbus_Annual_Report_2024.pdf | pages 319-320,data/raw_pdfs/airbus/Airbus_Annual_Report_2024.pdf,https://www.airbus.com/sites/g/files/jlcbta136/files/2025-04/Airbus%20Annual%20Report%202024.pdf
airbus::Airbus_Annual_Report_2024::0785,Airbus,annual_report,2024,Airbus_Annual_Report_2024.pdf,785,320,320,37.4 Notional Amounts of Derivative Financial Instruments,485,348,2226,Airbus | Airbus_Annual_Report_2024.pdf | page 320,data/raw_pdfs/airbus/Airbus_Annual_Report_2024.pdf,https://www.airbus.com/sites/g/files/jlcbta136/files/2025-04/Airbus%20Annual%20Report%202024.pdf
airbus::Airbus_Annual_Report_2024::0786,Airbus,annual_report,2024,Airbus_Annual_Report_2024.pdf,786,320,322,37.4 Notional Amounts of Derivative Financial Instruments,488,338,1923,Airbus | Airbus_Annual_Report_2024.pdf | pages 320-322,data/raw_pdfs/airbus/Airbus_Annual_Report_2024.pdf,https://www.airbus.com/sites/g/files/jlcbta136/files/2025-04/Airbus%20Annual%20Report%202024.pdf
airbus::Airbus_Annual_Report_2024::0787,Airbus,annual_report,2024,Airbus_Annual_Report_2024.pdf,787,321,323,37.4 Notional Amounts of Derivative Financial Instruments,482,380,2311,Airbus | Airbus_Annual_Report_2024.pdf | pages 321-323,data/raw_pdfs/airbus/Airbus_Annual_Report_2024.pdf,https://www.airbus.com/sites/g/files/jlcbta136/files/2025-04/Airbus%20Annual%20Report%202024.pdf
airbus::Airbus_Annual_Report_2024::0788,Airbus,annual_report,2024,Airbus_Annual_Report_2024.pdf,788,323,323,37.6 Net Gains or Net Losses,427,352,2182,Airbus | Airbus_Annual_Report_2024.pdf | page 323,data/raw_pdfs/airbus/Airbus_Annual_Report_2024.pdf,https://www.airbus.com/sites/g/files/jlcbta136/files/2025-04/Airbus%20Annual%20Report%202024.pdf
airbus::Airbus_Annual_Report_2024::0789,Airbus,annual_report,2024,Airbus_Annual_Report_2024.pdf,789,323,324,37.6 Net Gains or Net Losses,495,439,2607,Airbus | Airbus_Annual_Report_2024.pdf | pages 323-324,data/raw_pdfs/airbus/Airbus_Annual_Report_2024.pdf,https://www.airbus.com/sites/g/files/jlcbta136/files/2025-04/Airbus%20Annual%20Report%202024.pdf
airbus::Airbus_Annual_Report_2024::0790,Airbus,annual_report,2024,Airbus_Annual_Report_2024.pdf,790,324,325,37.6 Net Gains or Net Losses,497,399,2212,Airbus | Airbus_Annual_Report_2024.pdf | pages 324-325,data/raw_pdfs/airbus/Airbus_Annual_Report_2024.pdf,https://www.airbus.com/sites/g/files/jlcbta136/files/2025-04/Airbus%20Annual%20Report%202024.pdf
airbus::Airbus_Annual_Report_2024::0791,Airbus,annual_report,2024,Airbus_Annual_Report_2024.pdf,791,325,325,2.8 Other Notes,408,366,2312,Airbus | Airbus_Annual_Report_2024.pdf | page 325,data/raw_pdfs/airbus/Airbus_Annual_Report_2024.pdf,https://www.airbus.com/sites/g/files/jlcbta136/files/2025-04/Airbus%20Annual%20Report%202024.pdf
airbus::Airbus_Annual_Report_2024::0792,Airbus,annual_report,2024,Airbus_Annual_Report_2024.pdf,792,325,325,2.8 Other Notes,480,411,2628,Airbus | Airbus_Annual_Report_2024.pdf | page 325,data/raw_pdfs/airbus/Airbus_Annual_Report_2024.pdf,https://www.airbus.com/sites/g/files/jlcbta136/files/2025-04/Airbus%20Annual%20Report%202024.pdf
airbus::Airbus_Annual_Report_2024::0793,Airbus,annual_report,2024,Airbus_Annual_Report_2024.pdf,793,325,325,2.8 Other Notes,432,390,2483,Airbus | Airbus_Annual_Report_2024.pdf | page 325,data/raw_pdfs/airbus/Airbus_Annual_Report_2024.pdf,https://www.airbus.com/sites/g/files/jlcbta136/files/2025-04/Airbus%20Annual%20Report%202024.pdf
airbus::Airbus_Annual_Report_2024::0794,Airbus,annual_report,2024,Airbus_Annual_Report_2024.pdf,794,325,326,2.8 Other Notes,469,408,2588,Airbus | Airbus_Annual_Report_2024.pdf | pages 325-326,data/raw_pdfs/airbus/Airbus_Annual_Report_2024.pdf,https://www.airbus.com/sites/g/files/jlcbta136/files/2025-04/Airbus%20Annual%20Report%202024.pdf
airbus::Airbus_Annual_Report_2024::0795,Airbus,annual_report,2024,Airbus_Annual_Report_2024.pdf,795,326,326,Norway NH90,344,286,1819,Airbus | Airbus_Annual_Report_2024.pdf | page 326,data/raw_pdfs/airbus/Airbus_Annual_Report_2024.pdf,https://www.airbus.com/sites/g/files/jlcbta136/files/2025-04/Airbus%20Annual%20Report%202024.pdf
airbus::Airbus_Annual_Report_2024::0796,Airbus,annual_report,2024,Airbus_Annual_Report_2024.pdf,796,326,327,Norway NH90,497,377,2600,Airbus | Airbus_Annual_Report_2024.pdf | pages 326-327,data/raw_pdfs/airbus/Airbus_Annual_Report_2024.pdf,https://www.airbus.com/sites/g/files/jlcbta136/files/2025-04/Airbus%20Annual%20Report%202024.pdf
airbus::Airbus_Annual_Report_2024::0797,Airbus,annual_report,2024,Airbus_Annual_Report_2024.pdf,797,327,328,2.9 Appendix “Simplified Airbus Structure”,379,298,1974,Airbus | Airbus_Annual_Report_2024.pdf | pages 327-328,data/raw_pdfs/airbus/Airbus_Annual_Report_2024.pdf,https://www.airbus.com/sites/g/files/jlcbta136/files/2025-04/Airbus%20Annual%20Report%202024.pdf
airbus::Airbus_Annual_Report_2024::0798,Airbus,annual_report,2024,Airbus_Annual_Report_2024.pdf,798,328,329,Independent auditor’s report,398,357,2354,Airbus | Airbus_Annual_Report_2024.pdf | pages 328-329,data/raw_pdfs/airbus/Airbus_Annual_Report_2024.pdf,https://www.airbus.com/sites/g/files/jlcbta136/files/2025-04/Airbus%20Annual%20Report%202024.pdf
airbus::Airbus_Annual_Report_2024::0799,Airbus,annual_report,2024,Airbus_Annual_Report_2024.pdf,799,328,329,Independent auditor’s report,455,405,2712,Airbus | Airbus_Annual_Report_2024.pdf | pages 328-329,data/raw_pdfs/airbus/Airbus_Annual_Report_2024.pdf,https://www.airbus.com/sites/g/files/jlcbta136/files/2025-04/Airbus%20Annual%20Report%202024.pdf
airbus::Airbus_Annual_Report_2024::0800,Airbus,annual_report,2024,Airbus_Annual_Report_2024.pdf,800,329,329,Independent auditor’s report,497,449,2934,Airbus | Airbus_Annual_Report_2024.pdf | page 329,data/raw_pdfs/airbus/Airbus_Annual_Report_2024.pdf,https://www.airbus.com/sites/g/files/jlcbta136/files/2025-04/Airbus%20Annual%20Report%202024.pdf
airbus::Airbus_Annual_Report_2024::0801,Airbus,annual_report,2024,Airbus_Annual_Report_2024.pdf,801,329,330,Independent auditor’s report,341,311,2037,Airbus | Airbus_Annual_Report_2024.pdf | pages 329-330,data/raw_pdfs/airbus/Airbus_Annual_Report_2024.pdf,https://www.airbus.com/sites/g/files/jlcbta136/files/2025-04/Airbus%20Annual%20Report%202024.pdf
airbus::Airbus_Annual_Report_2024::0802,Airbus,annual_report,2024,Airbus_Annual_Report_2024.pdf,802,330,330,Independent auditor’s report,390,346,2291,Airbus | Airbus_Annual_Report_2024.pdf | page 330,data/raw_pdfs/airbus/Airbus_Annual_Report_2024.pdf,https://www.airbus.com/sites/g/files/jlcbta136/files/2025-04/Airbus%20Annual%20Report%202024.pdf
airbus::Airbus_Annual_Report_2024::0803,Airbus,annual_report,2024,Airbus_Annual_Report_2024.pdf,803,330,330,Independent auditor’s report,372,331,2200,Airbus | Airbus_Annual_Report_2024.pdf | page 330,data/raw_pdfs/airbus/Airbus_Annual_Report_2024.pdf,https://www.airbus.com/sites/g/files/jlcbta136/files/2025-04/Airbus%20Annual%20Report%202024.pdf
airbus::Airbus_Annual_Report_2024::0804,Airbus,annual_report,2024,Airbus_Annual_Report_2024.pdf,804,330,331,Independent auditor’s report,410,358,2302,Airbus | Airbus_Annual_Report_2024.pdf | pages 330-331,data/raw_pdfs/airbus/Airbus_Annual_Report_2024.pdf,https://www.airbus.com/sites/g/files/jlcbta136/files/2025-04/Airbus%20Annual%20Report%202024.pdf
airbus::Airbus_Annual_Report_2024::0805,Airbus,annual_report,2024,Airbus_Annual_Report_2024.pdf,805,330,331,Independent auditor’s report,448,389,2513,Airbus | Airbus_Annual_Report_2024.pdf | pages 330-331,data/raw_pdfs/airbus/Airbus_Annual_Report_2024.pdf,https://www.airbus.com/sites/g/files/jlcbta136/files/2025-04/Airbus%20Annual%20Report%202024.pdf
airbus::Airbus_Annual_Report_2024::0806,Airbus,annual_report,2024,Airbus_Annual_Report_2024.pdf,806,331,331,Independent auditor’s report,114,98,656,Airbus | Airbus_Annual_Report_2024.pdf | page 331,data/raw_pdfs/airbus/Airbus_Annual_Report_2024.pdf,https://www.airbus.com/sites/g/files/jlcbta136/files/2025-04/Airbus%20Annual%20Report%202024.pdf
airbus::Airbus_Annual_Report_2024::0807,Airbus,annual_report,2024,Airbus_Annual_Report_2024.pdf,807,331,331,Independent auditor’s report,482,430,2811,Airbus | Airbus_Annual_Report_2024.pdf | page 331,data/raw_pdfs/airbus/Airbus_Annual_Report_2024.pdf,https://www.airbus.com/sites/g/files/jlcbta136/files/2025-04/Airbus%20Annual%20Report%202024.pdf
airbus::Airbus_Annual_Report_2024::0808,Airbus,annual_report,2024,Airbus_Annual_Report_2024.pdf,808,331,332,Independent auditor’s report,360,331,2208,Airbus | Airbus_Annual_Report_2024.pdf | pages 331-332,data/raw_pdfs/airbus/Airbus_Annual_Report_2024.pdf,https://www.airbus.com/sites/g/files/jlcbta136/files/2025-04/Airbus%20Annual%20Report%202024.pdf
airbus::Airbus_Annual_Report_2024::0809,Airbus,annual_report,2024,Airbus_Annual_Report_2024.pdf,809,332,333,Independent auditor’s report,433,370,2588,Airbus | Airbus_Annual_Report_2024.pdf | pages 332-333,data/raw_pdfs/airbus/Airbus_Annual_Report_2024.pdf,https://www.airbus.com/sites/g/files/jlcbta136/files/2025-04/Airbus%20Annual%20Report%202024.pdf
airbus::Airbus_Annual_Report_2024::0810,Airbus,annual_report,2024,Airbus_Annual_Report_2024.pdf,810,333,333,Independent auditor’s report,487,419,2843,Airbus | Airbus_Annual_Report_2024.pdf | page 333,data/raw_pdfs/airbus/Airbus_Annual_Report_2024.pdf,https://www.airbus.com/sites/g/files/jlcbta136/files/2025-04/Airbus%20Annual%20Report%202024.pdf
airbus::Airbus_Annual_Report_2024::0811,Airbus,annual_report,2024,Airbus_Annual_Report_2024.pdf,811,333,334,Independent auditor’s report,435,385,2506,Airbus | Airbus_Annual_Report_2024.pdf | pages 333-334,data/raw_pdfs/airbus/Airbus_Annual_Report_2024.pdf,https://www.airbus.com/sites/g/files/jlcbta136/files/2025-04/Airbus%20Annual%20Report%202024.pdf
airbus::Airbus_Annual_Report_2024::0812,Airbus,annual_report,2024,Airbus_Annual_Report_2024.pdf,812,334,335,Independent auditor’s report,444,398,2677,Airbus | Airbus_Annual_Report_2024.pdf | pages 334-335,data/raw_pdfs/airbus/Airbus_Annual_Report_2024.pdf,https://www.airbus.com/sites/g/files/jlcbta136/files/2025-04/Airbus%20Annual%20Report%202024.pdf
airbus::Airbus_Annual_Report_2024::0813,Airbus,annual_report,2024,Airbus_Annual_Report_2024.pdf,813,335,336,Independent auditor’s report,451,397,2746,Airbus | Airbus_Annual_Report_2024.pdf | pages 335-336,data/raw_pdfs/airbus/Airbus_Annual_Report_2024.pdf,https://www.airbus.com/sites/g/files/jlcbta136/files/2025-04/Airbus%20Annual%20Report%202024.pdf
airbus::Airbus_Annual_Report_2024::0814,Airbus,annual_report,2024,Airbus_Annual_Report_2024.pdf,814,335,336,Independent auditor’s report,431,379,2647,Airbus | Airbus_Annual_Report_2024.pdf | pages 335-336,data/raw_pdfs/airbus/Airbus_Annual_Report_2024.pdf,https://www.airbus.com/sites/g/files/jlcbta136/files/2025-04/Airbus%20Annual%20Report%202024.pdf
airbus::Airbus_Annual_Report_2024::0815,Airbus,annual_report,2024,Airbus_Annual_Report_2024.pdf,815,336,336,Independent auditor’s report,274,249,1674,Airbus | Airbus_Annual_Report_2024.pdf | page 336,data/raw_pdfs/airbus/Airbus_Annual_Report_2024.pdf,https://www.airbus.com/sites/g/files/jlcbta136/files/2025-04/Airbus%20Annual%20Report%202024.pdf
airbus::Airbus_Annual_Report_2024::0816,Airbus,annual_report,2024,Airbus_Annual_Report_2024.pdf,816,336,337,Independent auditor’s report,478,431,2978,Airbus | Airbus_Annual_Report_2024.pdf | pages 336-337,data/raw_pdfs/airbus/Airbus_Annual_Report_2024.pdf,https://www.airbus.com/sites/g/files/jlcbta136/files/2025-04/Airbus%20Annual%20Report%202024.pdf
airbus::Airbus_Annual_Report_2024::0817,Airbus,annual_report,2024,Airbus_Annual_Report_2024.pdf,817,336,337,Independent auditor’s report,440,392,2754,Airbus | Airbus_Annual_Report_2024.pdf | pages 336-337,data/raw_pdfs/airbus/Airbus_Annual_Report_2024.pdf,https://www.airbus.com/sites/g/files/jlcbta136/files/2025-04/Airbus%20Annual%20Report%202024.pdf
airbus::Airbus_Annual_Report_2024::0818,Airbus,annual_report,2024,Airbus_Annual_Report_2024.pdf,818,337,338,Independent auditor’s report,452,389,2731,Airbus | Airbus_Annual_Report_2024.pdf | pages 337-338,data/raw_pdfs/airbus/Airbus_Annual_Report_2024.pdf,https://www.airbus.com/sites/g/files/jlcbta136/files/2025-04/Airbus%20Annual%20Report%202024.pdf
airbus::Airbus_Annual_Report_2024::0819,Airbus,annual_report,2024,Airbus_Annual_Report_2024.pdf,819,337,338,Independent auditor’s report,367,313,2193,Airbus | Airbus_Annual_Report_2024.pdf | pages 337-338,data/raw_pdfs/airbus/Airbus_Annual_Report_2024.pdf,https://www.airbus.com/sites/g/files/jlcbta136/files/2025-04/Airbus%20Annual%20Report%202024.pdf
airbus::Airbus_Annual_Report_2024::0820,Airbus,annual_report,2024,Airbus_Annual_Report_2024.pdf,820,338,339,Independent auditor’s report,449,386,2691,Airbus | Airbus_Annual_Report_2024.pdf | pages 338-339,data/raw_pdfs/airbus/Airbus_Annual_Report_2024.pdf,https://www.airbus.com/sites/g/files/jlcbta136/files/2025-04/Airbus%20Annual%20Report%202024.pdf
airbus::Airbus_Annual_Report_2024::0821,Airbus,annual_report,2024,Airbus_Annual_Report_2024.pdf,821,338,339,Independent auditor’s report,498,440,3092,Airbus | Airbus_Annual_Report_2024.pdf | pages 338-339,data/raw_pdfs/airbus/Airbus_Annual_Report_2024.pdf,https://www.airbus.com/sites/g/files/jlcbta136/files/2025-04/Airbus%20Annual%20Report%202024.pdf
airbus::Airbus_Annual_Report_2024::0822,Airbus,annual_report,2024,Airbus_Annual_Report_2024.pdf,822,339,340,Report on other information included in the annual report,397,357,2430,Airbus | Airbus_Annual_Report_2024.pdf | pages 339-340,data/raw_pdfs/airbus/Airbus_Annual_Report_2024.pdf,https://www.airbus.com/sites/g/files/jlcbta136/files/2025-04/Airbus%20Annual%20Report%202024.pdf
airbus::Airbus_Annual_Report_2024::0823,Airbus,annual_report,2024,Airbus_Annual_Report_2024.pdf,823,339,340,Report on other information included in the annual report,394,347,2133,Airbus | Airbus_Annual_Report_2024.pdf | pages 339-340,data/raw_pdfs/airbus/Airbus_Annual_Report_2024.pdf,https://www.airbus.com/sites/g/files/jlcbta136/files/2025-04/Airbus%20Annual%20Report%202024.pdf
airbus::Airbus_Annual_Report_2024::0824,Airbus,annual_report,2024,Airbus_Annual_Report_2024.pdf,824,340,341,Report on other legal and regulatory requirements and ESEF,484,430,2886,Airbus | Airbus_Annual_Report_2024.pdf | pages 340-341,data/raw_pdfs/airbus/Airbus_Annual_Report_2024.pdf,https://www.airbus.com/sites/g/files/jlcbta136/files/2025-04/Airbus%20Annual%20Report%202024.pdf
airbus::Airbus_Annual_Report_2024::0825,Airbus,annual_report,2024,Airbus_Annual_Report_2024.pdf,825,341,341,Our responsibilities for the audit of the financial statements,381,354,2332,Airbus | Airbus_Annual_Report_2024.pdf | page 341,data/raw_pdfs/airbus/Airbus_Annual_Report_2024.pdf,https://www.airbus.com/sites/g/files/jlcbta136/files/2025-04/Airbus%20Annual%20Report%202024.pdf
airbus::Airbus_Annual_Report_2024::0826,Airbus,annual_report,2024,Airbus_Annual_Report_2024.pdf,826,341,342,Our responsibilities for the audit of the financial statements,360,328,2067,Airbus | Airbus_Annual_Report_2024.pdf | pages 341-342,data/raw_pdfs/airbus/Airbus_Annual_Report_2024.pdf,https://www.airbus.com/sites/g/files/jlcbta136/files/2025-04/Airbus%20Annual%20Report%202024.pdf
airbus::Airbus_Annual_Report_2024::0827,Airbus,annual_report,2024,Airbus_Annual_Report_2024.pdf,827,341,342,Our responsibilities for the audit of the financial statements,339,313,2077,Airbus | Airbus_Annual_Report_2024.pdf | pages 341-342,data/raw_pdfs/airbus/Airbus_Annual_Report_2024.pdf,https://www.airbus.com/sites/g/files/jlcbta136/files/2025-04/Airbus%20Annual%20Report%202024.pdf
airbus::Airbus_Annual_Report_2024::0828,Airbus,annual_report,2024,Airbus_Annual_Report_2024.pdf,828,342,344,Our responsibilities for the audit of the financial statements,488,446,2990,Airbus | Airbus_Annual_Report_2024.pdf | pages 342-344,data/raw_pdfs/airbus/Airbus_Annual_Report_2024.pdf,https://www.airbus.com/sites/g/files/jlcbta136/files/2025-04/Airbus%20Annual%20Report%202024.pdf
airbus::Airbus_Annual_Report_2024::0829,Airbus,annual_report,2024,Airbus_Annual_Report_2024.pdf,829,342,345,Our responsibilities for the audit of the financial statements,497,416,2634,Airbus | Airbus_Annual_Report_2024.pdf | pages 342-345,data/raw_pdfs/airbus/Airbus_Annual_Report_2024.pdf,https://www.airbus.com/sites/g/files/jlcbta136/files/2025-04/Airbus%20Annual%20Report%202024.pdf
airbus::Airbus_Annual_Report_2024::0830,Airbus,annual_report,2024,Airbus_Annual_Report_2024.pdf,830,345,346,Airbus SE IFRS Company Financial Statements,495,328,2204,Airbus | Airbus_Annual_Report_2024.pdf | pages 345-346,data/raw_pdfs/airbus/Airbus_Annual_Report_2024.pdf,https://www.airbus.com/sites/g/files/jlcbta136/files/2025-04/Airbus%20Annual%20Report%202024.pdf
airbus::Airbus_Annual_Report_2024::0831,Airbus,annual_report,2024,Airbus_Annual_Report_2024.pdf,831,346,347,Airbus SE IFRS Company Financial Statements,492,312,2181,Airbus | Airbus_Annual_Report_2024.pdf | pages 346-347,data/raw_pdfs/airbus/Airbus_Annual_Report_2024.pdf,https://www.airbus.com/sites/g/files/jlcbta136/files/2025-04/Airbus%20Annual%20Report%202024.pdf
airbus::Airbus_Annual_Report_2024::0832,Airbus,annual_report,2024,Airbus_Annual_Report_2024.pdf,832,347,348,Airbus SE IFRS Company Financial Statements,495,369,2119,Airbus | Airbus_Annual_Report_2024.pdf | pages 347-348,data/raw_pdfs/airbus/Airbus_Annual_Report_2024.pdf,https://www.airbus.com/sites/g/files/jlcbta136/files/2025-04/Airbus%20Annual%20Report%202024.pdf
airbus::Airbus_Annual_Report_2024::0833,Airbus,annual_report,2024,Airbus_Annual_Report_2024.pdf,833,348,352,Airbus SE IFRS Company Financial Statements,479,367,2220,Airbus | Airbus_Annual_Report_2024.pdf | pages 348-352,data/raw_pdfs/airbus/Airbus_Annual_Report_2024.pdf,https://www.airbus.com/sites/g/files/jlcbta136/files/2025-04/Airbus%20Annual%20Report%202024.pdf
airbus::Airbus_Annual_Report_2024::0834,Airbus,annual_report,2024,Airbus_Annual_Report_2024.pdf,834,352,352,4.1 Basis of Preparation,499,414,2790,Airbus | Airbus_Annual_Report_2024.pdf | page 352,data/raw_pdfs/airbus/Airbus_Annual_Report_2024.pdf,https://www.airbus.com/sites/g/files/jlcbta136/files/2025-04/Airbus%20Annual%20Report%202024.pdf
airbus::Airbus_Annual_Report_2024::0835,Airbus,annual_report,2024,Airbus_Annual_Report_2024.pdf,835,352,353,4.1 Basis of Preparation,480,425,2885,Airbus | Airbus_Annual_Report_2024.pdf | pages 352-353,data/raw_pdfs/airbus/Airbus_Annual_Report_2024.pdf,https://www.airbus.com/sites/g/files/jlcbta136/files/2025-04/Airbus%20Annual%20Report%202024.pdf
airbus::Airbus_Annual_Report_2024::0836,Airbus,annual_report,2024,Airbus_Annual_Report_2024.pdf,836,353,353,5. Key Estimates and Judgements,496,399,2804,Airbus | Airbus_Annual_Report_2024.pdf | page 353,data/raw_pdfs/airbus/Airbus_Annual_Report_2024.pdf,https://www.airbus.com/sites/g/files/jlcbta136/files/2025-04/Airbus%20Annual%20Report%202024.pdf
airbus::Airbus_Annual_Report_2024::0837,Airbus,annual_report,2024,Airbus_Annual_Report_2024.pdf,837,353,354,5. Key Estimates and Judgements,498,352,2270,Airbus | Airbus_Annual_Report_2024.pdf | pages 353-354,data/raw_pdfs/airbus/Airbus_Annual_Report_2024.pdf,https://www.airbus.com/sites/g/files/jlcbta136/files/2025-04/Airbus%20Annual%20Report%202024.pdf
airbus::Airbus_Annual_Report_2024::0838,Airbus,annual_report,2024,Airbus_Annual_Report_2024.pdf,838,354,355,4.2 Company Performance,500,420,2599,Airbus | Airbus_Annual_Report_2024.pdf | pages 354-355,data/raw_pdfs/airbus/Airbus_Annual_Report_2024.pdf,https://www.airbus.com/sites/g/files/jlcbta136/files/2025-04/Airbus%20Annual%20Report%202024.pdf
airbus::Airbus_Annual_Report_2024::0839,Airbus,annual_report,2024,Airbus_Annual_Report_2024.pdf,839,355,356,9. Income Taxes,498,384,2351,Airbus | Airbus_Annual_Report_2024.pdf | pages 355-356,data/raw_pdfs/airbus/Airbus_Annual_Report_2024.pdf,https://www.airbus.com/sites/g/files/jlcbta136/files/2025-04/Airbus%20Annual%20Report%202024.pdf
airbus::Airbus_Annual_Report_2024::0840,Airbus,annual_report,2024,Airbus_Annual_Report_2024.pdf,840,356,357,9. Income Taxes,480,373,2098,Airbus | Airbus_Annual_Report_2024.pdf | pages 356-357,data/raw_pdfs/airbus/Airbus_Annual_Report_2024.pdf,https://www.airbus.com/sites/g/files/jlcbta136/files/2025-04/Airbus%20Annual%20Report%202024.pdf
airbus::Airbus_Annual_Report_2024::0841,Airbus,annual_report,2024,Airbus_Annual_Report_2024.pdf,841,357,357,4.3 Operational Assets and Liabilities,458,393,2464,Airbus | Airbus_Annual_Report_2024.pdf | page 357,data/raw_pdfs/airbus/Airbus_Annual_Report_2024.pdf,https://www.airbus.com/sites/g/files/jlcbta136/files/2025-04/Airbus%20Annual%20Report%202024.pdf
airbus::Airbus_Annual_Report_2024::0842,Airbus,annual_report,2024,Airbus_Annual_Report_2024.pdf,842,357,358,4.3 Operational Assets and Liabilities,497,389,2625,Airbus | Airbus_Annual_Report_2024.pdf | pages 357-358,data/raw_pdfs/airbus/Airbus_Annual_Report_2024.pdf,https://www.airbus.com/sites/g/files/jlcbta136/files/2025-04/Airbus%20Annual%20Report%202024.pdf
airbus::Airbus_Annual_Report_2024::0843,Airbus,annual_report,2024,Airbus_Annual_Report_2024.pdf,843,358,359,"Change of Investments in Subsidiaries, Associated Companies and Participations",422,285,2015,Airbus | Airbus_Annual_Report_2024.pdf | pages 358-359,data/raw_pdfs/airbus/Airbus_Annual_Report_2024.pdf,https://www.airbus.com/sites/g/files/jlcbta136/files/2025-04/Airbus%20Annual%20Report%202024.pdf
airbus::Airbus_Annual_Report_2024::0844,Airbus,annual_report,2024,Airbus_Annual_Report_2024.pdf,844,359,360,12. Commitments and Contingencies,495,399,2479,Airbus | Airbus_Annual_Report_2024.pdf | pages 359-360,data/raw_pdfs/airbus/Airbus_Annual_Report_2024.pdf,https://www.airbus.com/sites/g/files/jlcbta136/files/2025-04/Airbus%20Annual%20Report%202024.pdf
airbus::Airbus_Annual_Report_2024::0845,Airbus,annual_report,2024,Airbus_Annual_Report_2024.pdf,845,359,360,12. Commitments and Contingencies,434,317,2093,Airbus | Airbus_Annual_Report_2024.pdf | pages 359-360,data/raw_pdfs/airbus/Airbus_Annual_Report_2024.pdf,https://www.airbus.com/sites/g/files/jlcbta136/files/2025-04/Airbus%20Annual%20Report%202024.pdf
airbus::Airbus_Annual_Report_2024::0846,Airbus,annual_report,2024,Airbus_Annual_Report_2024.pdf,846,360,360,4.5 Capital Structure and Financial Instruments,460,385,2284,Airbus | Airbus_Annual_Report_2024.pdf | page 360,data/raw_pdfs/airbus/Airbus_Annual_Report_2024.pdf,https://www.airbus.com/sites/g/files/jlcbta136/files/2025-04/Airbus%20Annual%20Report%202024.pdf
airbus::Airbus_Annual_Report_2024::0847,Airbus,annual_report,2024,Airbus_Annual_Report_2024.pdf,847,360,361,4.5 Capital Structure and Financial Instruments,494,402,2527,Airbus | Airbus_Annual_Report_2024.pdf | pages 360-361,data/raw_pdfs/airbus/Airbus_Annual_Report_2024.pdf,https://www.airbus.com/sites/g/files/jlcbta136/files/2025-04/Airbus%20Annual%20Report%202024.pdf
airbus::Airbus_Annual_Report_2024::0848,Airbus,annual_report,2024,Airbus_Annual_Report_2024.pdf,848,361,362,Reconciliation Consolidated to Company Equity and Net Income,475,316,2122,Airbus | Airbus_Annual_Report_2024.pdf | pages 361-362,data/raw_pdfs/airbus/Airbus_Annual_Report_2024.pdf,https://www.airbus.com/sites/g/files/jlcbta136/files/2025-04/Airbus%20Annual%20Report%202024.pdf
airbus::Airbus_Annual_Report_2024::0849,Airbus,annual_report,2024,Airbus_Annual_Report_2024.pdf,849,362,362,15.2 Cash and Cash Equivalents,452,330,2102,Airbus | Airbus_Annual_Report_2024.pdf | page 362,data/raw_pdfs/airbus/Airbus_Annual_Report_2024.pdf,https://www.airbus.com/sites/g/files/jlcbta136/files/2025-04/Airbus%20Annual%20Report%202024.pdf
airbus::Airbus_Annual_Report_2024::0850,Airbus,annual_report,2024,Airbus_Annual_Report_2024.pdf,850,362,363,15.2 Cash and Cash Equivalents,482,362,2259,Airbus | Airbus_Annual_Report_2024.pdf | pages 362-363,data/raw_pdfs/airbus/Airbus_Annual_Report_2024.pdf,https://www.airbus.com/sites/g/files/jlcbta136/files/2025-04/Airbus%20Annual%20Report%202024.pdf
airbus::Airbus_Annual_Report_2024::0851,Airbus,annual_report,2024,Airbus_Annual_Report_2024.pdf,851,363,363,15.2 Cash and Cash Equivalents,461,283,1617,Airbus | Airbus_Annual_Report_2024.pdf | page 363,data/raw_pdfs/airbus/Airbus_Annual_Report_2024.pdf,https://www.airbus.com/sites/g/files/jlcbta136/files/2025-04/Airbus%20Annual%20Report%202024.pdf
airbus::Airbus_Annual_Report_2024::0852,Airbus,annual_report,2024,Airbus_Annual_Report_2024.pdf,852,363,364,15.2 Cash and Cash Equivalents,468,360,2296,Airbus | Airbus_Annual_Report_2024.pdf | pages 363-364,data/raw_pdfs/airbus/Airbus_Annual_Report_2024.pdf,https://www.airbus.com/sites/g/files/jlcbta136/files/2025-04/Airbus%20Annual%20Report%202024.pdf
airbus::Airbus_Annual_Report_2024::0853,Airbus,annual_report,2024,Airbus_Annual_Report_2024.pdf,853,364,364,16. Information about Financial Instruments,398,320,2082,Airbus | Airbus_Annual_Report_2024.pdf | page 364,data/raw_pdfs/airbus/Airbus_Annual_Report_2024.pdf,https://www.airbus.com/sites/g/files/jlcbta136/files/2025-04/Airbus%20Annual%20Report%202024.pdf
airbus::Airbus_Annual_Report_2024::0854,Airbus,annual_report,2024,Airbus_Annual_Report_2024.pdf,854,364,365,16. Information about Financial Instruments,445,378,2450,Airbus | Airbus_Annual_Report_2024.pdf | pages 364-365,data/raw_pdfs/airbus/Airbus_Annual_Report_2024.pdf,https://www.airbus.com/sites/g/files/jlcbta136/files/2025-04/Airbus%20Annual%20Report%202024.pdf
airbus::Airbus_Annual_Report_2024::0855,Airbus,annual_report,2024,Airbus_Annual_Report_2024.pdf,855,364,365,16. Information about Financial Instruments,484,399,2569,Airbus | Airbus_Annual_Report_2024.pdf | pages 364-365,data/raw_pdfs/airbus/Airbus_Annual_Report_2024.pdf,https://www.airbus.com/sites/g/files/jlcbta136/files/2025-04/Airbus%20Annual%20Report%202024.pdf
airbus::Airbus_Annual_Report_2024::0856,Airbus,annual_report,2024,Airbus_Annual_Report_2024.pdf,856,365,366,16. Information about Financial Instruments,486,419,2705,Airbus | Airbus_Annual_Report_2024.pdf | pages 365-366,data/raw_pdfs/airbus/Airbus_Annual_Report_2024.pdf,https://www.airbus.com/sites/g/files/jlcbta136/files/2025-04/Airbus%20Annual%20Report%202024.pdf
airbus::Airbus_Annual_Report_2024::0857,Airbus,annual_report,2024,Airbus_Annual_Report_2024.pdf,857,366,366,16.2 Carrying Amounts and Fair Values of Financial Instruments,477,269,1828,Airbus | Airbus_Annual_Report_2024.pdf | page 366,data/raw_pdfs/airbus/Airbus_Annual_Report_2024.pdf,https://www.airbus.com/sites/g/files/jlcbta136/files/2025-04/Airbus%20Annual%20Report%202024.pdf
airbus::Airbus_Annual_Report_2024::0858,Airbus,annual_report,2024,Airbus_Annual_Report_2024.pdf,858,366,366,16.2 Carrying Amounts and Fair Values of Financial Instruments,464,394,2669,Airbus | Airbus_Annual_Report_2024.pdf | page 366,data/raw_pdfs/airbus/Airbus_Annual_Report_2024.pdf,https://www.airbus.com/sites/g/files/jlcbta136/files/2025-04/Airbus%20Annual%20Report%202024.pdf
airbus::Airbus_Annual_Report_2024::0859,Airbus,annual_report,2024,Airbus_Annual_Report_2024.pdf,859,366,368,16.2 Carrying Amounts and Fair Values of Financial Instruments,485,356,2378,Airbus | Airbus_Annual_Report_2024.pdf | pages 366-368,data/raw_pdfs/airbus/Airbus_Annual_Report_2024.pdf,https://www.airbus.com/sites/g/files/jlcbta136/files/2025-04/Airbus%20Annual%20Report%202024.pdf
airbus::Airbus_Annual_Report_2024::0860,Airbus,annual_report,2024,Airbus_Annual_Report_2024.pdf,860,367,369,16.2 Carrying Amounts and Fair Values of Financial Instruments,487,349,2180,Airbus | Airbus_Annual_Report_2024.pdf | pages 367-369,data/raw_pdfs/airbus/Airbus_Annual_Report_2024.pdf,https://www.airbus.com/sites/g/files/jlcbta136/files/2025-04/Airbus%20Annual%20Report%202024.pdf
airbus::Airbus_Annual_Report_2024::0861,Airbus,annual_report,2024,Airbus_Annual_Report_2024.pdf,861,369,369,16.2 Carrying Amounts and Fair Values of Financial Instruments,484,360,2330,Airbus | Airbus_Annual_Report_2024.pdf | page 369,data/raw_pdfs/airbus/Airbus_Annual_Report_2024.pdf,https://www.airbus.com/sites/g/files/jlcbta136/files/2025-04/Airbus%20Annual%20Report%202024.pdf
airbus::Airbus_Annual_Report_2024::0862,Airbus,annual_report,2024,Airbus_Annual_Report_2024.pdf,862,369,371,16.2 Carrying Amounts and Fair Values of Financial Instruments,492,380,2289,Airbus | Airbus_Annual_Report_2024.pdf | pages 369-371,data/raw_pdfs/airbus/Airbus_Annual_Report_2024.pdf,https://www.airbus.com/sites/g/files/jlcbta136/files/2025-04/Airbus%20Annual%20Report%202024.pdf
airbus::Airbus_Annual_Report_2024::0863,Airbus,annual_report,2024,Airbus_Annual_Report_2024.pdf,863,370,372,16.4 Notional Amounts of Derivative Financial Instruments,497,441,2686,Airbus | Airbus_Annual_Report_2024.pdf | pages 370-372,data/raw_pdfs/airbus/Airbus_Annual_Report_2024.pdf,https://www.airbus.com/sites/g/files/jlcbta136/files/2025-04/Airbus%20Annual%20Report%202024.pdf
airbus::Airbus_Annual_Report_2024::0864,Airbus,annual_report,2024,Airbus_Annual_Report_2024.pdf,864,371,377,16.7 Impairment Losses,444,360,2171,Airbus | Airbus_Annual_Report_2024.pdf | pages 371-377,data/raw_pdfs/airbus/Airbus_Annual_Report_2024.pdf,https://www.airbus.com/sites/g/files/jlcbta136/files/2025-04/Airbus%20Annual%20Report%202024.pdf
